date,btc,market,nav,premium_discount,log_btc,log_nav,log_market,gap_total,gap_nav_vs_btc,gap_market_vs_nav,identity_residual
2024-01-11,46289.15,26.6299991607666,26.58779,0.0015875392714701508,,,,,,,
2024-01-12,43648.18,24.969999313354492,24.937463,0.0013047162557993097,-0.058746006264499905,-0.06408087690845024,-0.06436329151839273,-0.00561728525389283,-0.005334870643950336,-0.000282414609942494,0.0
2024-01-16,43170.0,24.719999313354492,24.618594,0.0041190538076418814,-0.011015776545400754,-0.012869199856369246,-0.010062471980294804,0.0009533045651059502,-0.0018534233109684922,0.0028067278760744423,0.0
2024-01-17,42636.74,24.40999984741211,24.308578,0.004172265749650572,-0.01242948666632684,-0.012672718912903645,-0.012619726658739314,-0.00019023999241247515,-0.00024323224657680532,5.299225416433018e-05,0.0
2024-01-18,40677.76,23.34000015258789,23.321328,0.0008006470552572864,-0.04703481715024398,-0.041460985482794546,-0.04482424475780548,0.0022105723924384993,0.00557383166744943,-0.003363259275010931,0.0
2024-01-19,41543.06,23.799999237060547,23.871035,-0.0029758141169602403,0.02104897392246887,0.023297492589026608,0.019516915225125893,-0.0015320586973429778,0.0022485186665577375,-0.0037805773639007154,0.0
2024-01-22,40139.74,22.950000762939453,22.855537,0.004133080003303036,-0.03436361365541736,-0.04347239181623961,-0.036367578871046205,-0.0020039652156288446,-0.00910877816082225,0.007104812945193405,0.0
2024-01-23,39120.89,22.31999969482422,22.355273,-0.001577851685183207,-0.025710270598791697,-0.022131185815947804,-0.027834845909742733,-0.002124575310951036,0.0035790847828438936,-0.0057036600937949294,0.0
2024-01-24,39471.37,22.600000381469727,22.659142,-0.0026100555144705773,0.00891900355956373,0.013501169160848078,0.012466799317071462,0.0035477957575077313,0.004582165601284348,-0.0010343698437766165,0.0
2024-01-25,39801.6,22.760000228881836,22.694188,0.0028999596232230918,0.008331513508739397,0.0015454656571197319,0.007054696157018341,-0.0012768173517210555,-0.0067860478516196645,0.005509230499898609,0.0
2024-01-26,41967.75,23.989999771118164,23.936502,0.0022349870134810157,0.05299435369983915,0.05329571770328,0.052632447996434795,-0.00036190570340435824,0.0003013640034408502,-0.0006632697068452084,0.0
2024-01-29,43149.48,24.670000076293945,24.55135,0.004832731246711353,0.027768900284669527,0.025362268379617758,0.02795086632296058,0.00018196603829105304,-0.002406631905051769,0.002588597943342822,0.0
2024-01-30,43552.07,24.8799991607666,24.849028,0.001246373128421796,0.009286867269940005,0.01205179454416407,0.008476300505887083,-0.000810566764052922,0.0027649272742240657,-0.0035754940382769877,0.0
2024-01-31,42524.73,24.299999237060547,24.412126,-0.004593076528420892,-0.02387144468640706,-0.017738661024546337,-0.023587915189915296,0.000283529496491762,0.006132783661860722,-0.00584925416536896,0.0
2024-02-01,43001.81,24.540000915527344,24.530463,0.00038881922152644854,0.011156418775511729,0.004835756874433011,0.009828157640500332,-0.0013282611350113969,-0.006320661901078718,0.004992400766067321,0.0
2024-02-02,42935.23,24.5,24.497464,0.0001035209195530129,-0.0015495067859302746,-0.0013461309503474158,-0.0016313590396361444,-8.185225370586978e-05,0.00020337583558285876,-0.00028522808928872854,0.0
2024-02-05,42376.3,24.190000534057617,24.178856,0.00046092065139968774,-0.01310345734888488,-0.013091069749599093,-0.012733770851126149,0.0003696864977587311,1.2387599285786782e-05,0.0003572988984729443,0.0
2024-02-06,43092.0,24.600000381469727,24.584639,0.0006248365684655699,0.016748121335829525,0.016643284766391403,0.016807111745661307,5.899040983178144e-05,-0.00010483656943812217,0.0001638269792699036,0.0
2024-02-07,44129.57,25.219999313354492,25.085376,0.005366605362203458,0.023792714263673364,0.020163229855313953,0.024890844865327257,0.0010981306016538926,-0.003629484408359411,0.004727615010013304,0.0
2024-02-08,45527.61,26.030000686645508,25.902646,0.004916667071213743,0.031188875811423426,0.032060078788300916,0.03161244207493541,0.0004235662635119833,0.0008712029768774901,-0.0004476367133655068,0.0
2024-02-09,47559.63,27.149999618530273,27.13434,0.000577114406699053,0.0436653370385145,0.04645495873981451,0.04212728694401499,-0.0015380500944995115,0.00278962170130001,-0.004327671795799522,0.0
2024-02-12,50212.91,28.65999984741211,28.475364,0.006484055740678452,0.05428787280399308,0.04823920800537978,0.0541253847464602,-0.00016248805753288353,-0.006048664798613303,0.005886176741080419,0.0
2024-02-13,49446.55,28.219999313354492,28.081808,0.0049210262157797224,-0.01537987675655091,-0.01391732784543617,-0.015471494983161372,-9.161822661046294e-05,0.0014625489111147402,-0.0015541671377252032,0.0
2024-02-14,51744.69,29.549999237060547,29.51254,0.001269265100887429,0.04542952999219447,0.049693293219398166,0.046052795940719954,0.0006232659485254852,0.004263763227203697,-0.003640497278678212,0.0
2024-02-15,51717.95,29.520000457763672,29.541732,-0.0007356218056655539,-0.0005169015713379175,0.0009886499787095419,-0.0010157027943417556,-0.0004988012230038382,0.0015055515500474593,-0.0020043527730512975,0.0
2024-02-16,51862.31,29.6200008392334,29.532759,0.0029540700627868066,0.0027874055050378923,-0.0003037859460865268,0.003381821933816834,0.0005944164287789416,-0.003091191451124419,0.0036856078799033607,0.0
2024-02-20,52004.0,29.670000076293945,29.68105,-0.00037228884106366156,0.0027283165810283857,0.005008673230671024,0.0016865997011596566,-0.0010417168798687291,0.002280356649642638,-0.003322073529511367,0.0
2024-02-21,50943.5,29.079999923706055,29.073762,0.0002145550928722706,-0.02060346322466134,-0.020672677069395906,-0.020085786832417147,0.0005176763922441936,-6.921384473456554e-05,0.0005868902369787592,0.0
2024-02-22,52018.35,29.719999313354492,29.49653,0.007576122118584605,0.020879365472419194,0.014436511346007673,0.021769546704008536,0.0008901812315893418,-0.0064428541264115215,0.007333035358000863,0.0
2024-02-23,51092.09,29.15999984741211,29.086548,0.002525285826702639,-0.017966850240477658,-0.013996830051118271,-0.01902229483806245,-0.0010554445975847933,0.003970020189359387,-0.00502546478694418,0.0
2024-02-26,54476.71,31.1200008392334,31.067755,0.0016816741098093502,0.06414358017693038,0.06589466534126438,0.06505282437016809,0.0009092441932377071,0.0017510851643340042,-0.0008418409710962971,0.0
2024-02-27,57015.79,32.59000015258789,32.512334,0.002388821195915547,0.04555497613200175,0.04544906043450573,0.04615477125367177,0.0005997951216700215,-0.00010591569749601737,0.0007057108191660388,0.0
2024-02-28,60402.13,34.45000076293945,34.387427,0.001819669815349867,0.057696122203505035,0.056071478350856935,0.055503522074433924,-0.002192600129071111,-0.0016246438526481,-0.0005679562764230109,0.0
2024-02-29,61958.39,35.41999816894531,35.359106,0.0017221071410944422,0.025438661485292238,0.02786495126037052,0.027767561053233438,0.0023288995679412,0.002426289775078281,-9.739020713708108e-05,0.0
2024-03-01,62990.39,35.9900016784668,35.653998,0.009424011255814824,0.016519144368700712,0.008305331790583311,0.015964588068786634,-0.0005545562999140774,-0.0082138125781174,0.007659256278203323,0.0
2024-03-04,67626.0,38.650001525878906,38.471495,0.004639968524199789,0.07101034941436417,0.07605629102461754,0.07130564578486209,0.00029529637049792445,0.005045941610253374,-0.004750645239755449,0.0
2024-03-05,61896.61,35.31999969482422,35.572641,-0.007102123937769433,-0.08852711204835625,-0.07834074629371218,-0.0900974474173843,-0.0015703353690280503,0.010186365754644072,-0.011756701123672122,0.0
2024-03-06,67075.04,38.290000915527344,38.268082,0.0005727727751640987,0.08034658021924196,0.07303934943022078,0.08073942230410557,0.0003928420848636066,-0.00730723078902118,0.007700072873884786,0.0
2024-03-07,67729.69,38.630001068115234,38.644503,-0.00037526506382457026,0.009712643560556013,0.009788359225351689,0.008840414928525185,-0.0008722286320308279,7.571566479567561e-05,-0.0009479442968265035,0.0
2024-03-08,69334.11,39.54999923706055,39.469535,0.0020386416272841767,0.023412356674105708,0.02112456868433047,0.023536470595078973,0.000124113920973265,-0.002287787989775237,0.002411901910748502,0.0
2024-03-11,72033.99,41.119998931884766,41.265843,-0.0035342563610110123,0.038201098059565286,0.044506003265123516,0.038928920248186075,0.0007278221886207886,0.00630490520555823,-0.005577083016937441,0.0
2024-03-12,71428.46,40.72999954223633,40.737892,-0.0001937375101214167,-0.008441701587447736,-0.012876445069914592,-0.009529684750003582,-0.0010879831625558462,-0.004434743482466856,0.00334676031991101,0.0
2024-03-13,73517.19,41.95000076293945,41.65531,0.007074506538048864,0.028822867059058788,0.022270184781966067,0.029513540678750366,0.0006906736196915786,-0.006552682277092721,0.0072433558967842995,0.0
2024-03-14,69260.0,39.5099983215332,39.606971,-0.002448374011403187,-0.059651717450444564,-0.05042371336139833,-0.059924689158868026,-0.0002729717084234626,0.009228004089046234,-0.009500975797469696,0.0
2024-03-15,68988.49,39.38999938964844,39.723638,-0.008398994330568677,-0.003927859885820763,0.002941287999159882,-0.003041800453497898,0.0008860594323228648,0.006869147884980645,-0.00598308845265778,0.0
2024-03-18,66934.82,38.13999938964844,38.261355,-0.0031717541198309496,-0.03022036903027613,-0.037506047158108596,-0.032248377318377444,-0.002028008288101315,-0.007285678127832467,0.005257669839731152,0.0
2024-03-19,64378.05,36.70000076293945,36.876506,-0.004786387220647947,-0.03894657355583434,-0.03686572445862466,-0.0384868083202825,0.0004597652355518428,0.0020808490972096805,-0.0016210838616578377,0.0
2024-03-20,65782.98,37.54999923706055,37.335139,0.005754906579042096,0.021588405756001215,0.01236029302482048,0.022896582043116686,0.0013081762871154715,-0.009228112731180734,0.010536289018296206,0.0
2024-03-21,65220.34,37.150001525878906,37.172811,-0.0006136063834693006,-0.00858975878595281,-0.004357340574677008,-0.010709545654958288,-0.002119786869005479,0.0042324182112758015,-0.00635220508028128,0.0
2024-03-22,63872.85,36.40999984741211,36.328576,0.0022413167918311494,-0.020876995006211745,-0.02297295774575576,-0.020120354240705338,0.0007566407655064077,-0.002095962739544016,0.002852603505050424,0.0
2024-03-25,71071.7,40.54999923706055,40.317698,0.005761768369328735,0.10679483816533733,0.10418587967088318,0.1076923037501203,0.0008974655847829721,-0.0026089584944541527,0.003506424079237125,0.0
2024-03-26,69445.99,39.630001068115234,39.746238,-0.0029244763211241365,-0.02313989847899773,-0.01427533376714643,-0.02294932759210683,0.00019057088689089854,0.0088645647118513,-0.008673993824960402,0.0
2024-03-27,68591.46,39.130001068115234,39.10122,0.0007360657318424835,-0.012381290966097679,-0.016361526561534504,-0.012696970635629665,-0.0003156796695319864,-0.003980235595436825,0.003664555925904839,0.0
2024-03-28,70840.97,40.470001220703125,40.304432,0.0041079656128915065,0.032269468463373606,0.03030776954133191,0.03367152553203249,0.0014020570686588824,-0.0019616989220416943,0.0033637559907005767,0.0
2024-04-01,69709.52,39.75,39.488238,0.006628859965845946,-0.01610061184439697,-0.02045858267966673,-0.017951147950593854,-0.0018505361061968845,-0.004357970835269759,0.0025074347290728743,0.0
2024-04-02,65963.45,37.599998474121094,37.618714,-0.0004975057328887589,-0.0552360930549054,-0.04850121606835766,-0.05560583128637875,-0.00036973823147334883,0.00673487698654774,-0.007104615218021089,0.0
2024-04-03,65826.87,37.540000915527344,37.530927,0.00024177168678374272,-0.0020726871123159653,-0.0023363262621979896,-0.0015969542675512097,0.0004757328447647555,-0.0002636391498820243,0.0007393719946467798,0.0
2024-04-04,68540.79,39.08000183105469,39.136822,-0.0014518340029069376,0.040400928857995476,0.04189844988197269,0.04020381848217932,-0.0001971103758161563,0.0014975210239772108,-0.001694631399793367,0.0
2024-04-05,67368.16,38.40999984741211,38.602085,-0.004976030506846807,-0.017256539756459466,-0.013757472407624656,-0.017293035643385274,-3.6495886925808074e-05,0.00349906734883481,-0.003535563235760618,0.0
2024-04-08,71747.65,40.95000076293945,40.902156,0.0011697369434378047,0.06298259875039675,0.05787648503981597,0.06403399054487337,0.0010513917944766221,-0.005106113710580777,0.006157505505057399,0.0
2024-04-09,68949.18,39.33000183105469,39.228002,0.0026001791030472177,-0.0397853899973712,-0.04179194708179215,-0.040364195930178044,-0.0005788059328068473,-0.0020065570844209554,0.001427751151614108,0.0
2024-04-10,70087.49,40.0,39.610443,0.009834704449026344,0.01637460727824624,0.009701967101653951,0.016891821114035897,0.0005172138357896552,-0.00667264017659229,0.007189854012381945,0.0
2024-04-11,70490.11,40.16999816894531,40.021102,0.0037204415047169537,0.005728097518616299,0.010314069392638821,0.004240948674612437,-0.0014871488440038622,0.004585971874022522,-0.0060731207180263844,0.0
2024-04-12,66855.72,38.13999938964844,38.063412,0.002012099956999025,-0.052935551705017535,-0.05015335923415791,-0.05185681861920098,0.0010787330858165536,0.002782192470859625,-0.0017034593850430713,0.0
2024-04-15,63310.19,36.08000183105469,35.982819,0.0027008120474021347,-0.05449056892738291,-0.056211931238116665,-0.05552483822507337,-0.00103426929769046,-0.0017213623107337553,0.0006870930130432953,0.0
2024-04-16,62738.31,35.75,35.807544,-0.0016070356570671018,-0.009074029821061834,-0.004882977072102884,-0.009188476804257738,-0.00011444698319590385,0.00419105274895895,-0.004305499732154854,0.0
2024-04-17,60992.15,34.7599983215332,34.790992,-0.0008908535423997055,-0.028227098468498062,-0.028800094765855124,-0.028083017030133734,0.00014408143836432824,-0.0005729962973570618,0.00071707773572139,0.0
2024-04-18,63550.01,36.209999084472656,36.082117,0.003544195715363907,0.04108198762422047,0.0364388659412761,0.04086804638384049,-0.00021394124037997508,-0.004643121682944368,0.004429180442564393,0.0
2024-04-19,64350.0,36.66999816894531,36.594688,0.0020579535736255927,0.012509779050272767,0.014105724622561686,0.012623633656194386,0.00011385460592161847,0.001595945572288919,-0.0014820909663673006,0.0
2024-04-22,66570.09,37.93000030517578,37.795645,0.0035547827051445324,0.03391844352990516,0.03229079108599815,0.0337834315966527,-0.0001350119332524588,-0.0016276524439070086,0.0014926405106545498,0.0
2024-04-23,66496.47,37.900001525878906,37.923331,-0.0006151747092335569,-0.001106514025936018,0.0033726320079104518,-0.000791211397533293,0.000315302628402725,0.00447914603384647,-0.004163843405443745,0.0
2024-04-24,63880.73,36.40999984741211,36.566707,-0.0042855144869318185,-0.04013111258769434,-0.03642833473519927,-0.040107694352518625,2.341823517571645e-05,0.003702777852495072,-0.0036793596173193555,0.0
2024-04-25,64719.99,36.86000061035156,36.810411,0.0013471626369931933,0.013052367280070792,0.006642531152098812,0.012283510803801282,-0.00076885647626951,-0.00640983612797198,0.00564097965170247,0.0
2024-04-26,63716.71,36.31999969482422,36.38796,-0.001867659115151854,-0.015623266670233673,-0.01154276207705173,-0.014758423469643933,0.0008648432005897398,0.004080504593181943,-0.0032156613925922034,0.0
2024-04-29,62958.54,35.869998931884766,35.707196,0.004559387185842478,-0.011970437054532991,-0.018885713594899572,-0.01246728356388196,-0.000496846509348968,-0.006915276540366581,0.006418430031017613,0.0
2024-04-30,59098.16,33.56999969482422,34.138481,-0.016652214408010124,-0.06327662425806767,-0.044927013987412806,-0.06626845986557939,-0.0029918356075117197,0.018349610270654862,-0.02134144587816658,0.0
2024-05-01,56873.82,32.38999938964844,32.974669,-0.01773087124397099,-0.038364660452506964,-0.034685562467912906,-0.03578308756180369,0.0025815728907032723,0.0036790979845940583,-0.001097525093890786,0.0
2024-05-02,59369.11,33.79999923706055,33.702299,0.002898919063668348,0.04293892763101986,0.021826393970543242,0.0426110655773891,-0.0003278620536307647,-0.02111253366047662,0.020784671606845856,0.0
2024-05-03,62074.92,35.400001525878906,35.181455,0.006211980882510515,0.044567985195647426,0.042953042564677094,0.04625108332685213,0.0016830981312047008,-0.0016149426309703327,0.0032980407621750335,0.0
2024-05-06,63207.17,36.0099983215332,35.912156,0.0027244903239225238,0.018075701455200068,0.020556748241365816,0.017084767806000916,-0.0009909336491991522,0.0024810467861657477,-0.0034719804353649,0.0
2024-05-07,63055.82,35.93000030517578,35.947288,-0.00048091791581661436,-0.002397378241864136,0.0009777977908959532,-0.0022240214306048544,0.00017335681125928148,0.003375176032760089,-0.0032018192215008076,0.0
2024-05-08,62152.84,35.380001068115234,35.458644,-0.00221787758958758,-0.014423853033425652,-0.013686583568818045,-0.01542589069760585,-0.0010020376641801977,0.0007372694646076063,-0.001739307128787804,0.0
2024-05-09,62436.57,35.58000183105469,35.486377,0.0026383316351141772,0.004554648593229735,0.0007818167088178726,0.005637014779278025,0.00108236618604829,-0.0037728318844118622,0.004855198070460152,0.0
2024-05-10,60652.05,34.58000183105469,34.545171,0.0010082691747186345,-0.028997726089470564,-0.02688110435933508,-0.028508200494313636,0.0004895255951569283,0.002116621730135486,-0.0016270961349785576,0.0
2024-05-13,63173.21,36.0,35.87109,0.0035937017804588134,0.040726883566489035,0.037663906599315365,0.04024340524970362,-0.00048347831678541286,-0.0030629769671736695,0.0025794986503882567,0.0
2024-05-14,61553.38,35.06999969482422,35.021919,0.0013728743654572995,-0.025975553053767357,-0.023957555977854608,-0.026172883005927558,-0.00019732995216020094,0.002017997075912749,-0.00221532702807295,0.0
2024-05-15,66065.41,37.66999816894531,37.544113,0.0033529935557490287,0.07074054602995797,0.06954246567431965,0.07151791764599623,0.000777371616038261,-0.0011980803556383146,0.0019754519716765756,0.0
2024-05-16,65181.38,37.150001525878906,37.182694,-0.0008792389847032123,-0.013471466532174693,-0.009673150310178586,-0.013900160858954947,-0.0004286943267802542,0.0037983162219961068,-0.004227010548776361,0.0
2024-05-17,67099.6,38.279998779296875,38.082926,0.005174832923732664,0.02900423738402329,0.023922607227311658,0.029963722458732828,0.0009594850747095367,-0.005081630156711633,0.00604111523142117,0.0
2024-05-20,70068.07,39.970001220703125,39.494151,0.012048625142065283,0.043289115410411146,0.03638653978683078,0.043201668567758506,-8.744684265264008e-05,-0.006902575623580369,0.006815128780927729,0.0
2024-05-21,69284.85,39.470001220703125,39.616216,-0.003690781050286973,-0.011240930540854087,0.0030859443963713955,-0.012588282661594142,-0.0013473521207400547,0.014326874937225483,-0.015674227057965538,0.0
2024-05-22,69638.33,39.709999084472656,39.634772,0.0018980072465828446,0.005088866563896558,0.00046828439133394015,0.006062101485704136,0.0009732349218075781,-0.004620582172562618,0.005593817094370196,0.0
2024-05-23,67113.45,38.27000045776367,38.341216,-0.001857414804901647,-0.03693066315676729,-0.03318136044327339,-0.03693671068879084,-6.047532023552293e-06,0.003749302713493899,-0.003755350245517451,0.0
2024-05-24,69135.52,39.459999084472656,39.248787,0.005381365912598968,0.02968416534347834,0.023395085954450865,0.03062116599403229,0.0009370006505539479,-0.006289079389027476,0.007226080039581424,0.0
2024-05-28,68345.52,38.97999954223633,38.829972,0.0038637046206557724,-0.011492620295404763,-0.010728116640889367,-0.012238795057204195,-0.0007461747617994313,0.0007645036545153965,-0.0015106784163148278,0.0
2024-05-29,67192.68,38.31999969482422,38.381088,-0.0015916251560086359,-0.017011703008237428,-0.011627584375654894,-0.017076737197079965,-6.503418884253737e-05,0.0053841186325825335,-0.005449152821425071,0.0
2024-05-30,68679.87,39.15999984741211,39.257739,-0.002489678597840106,0.021891830166613318,0.022583758491379023,0.021683868627003024,-0.0002079615396102935,0.0006919283247657053,-0.0008998898643759988,0.0
2024-05-31,67578.13,38.54999923706055,38.425468,0.003240851537853695,-0.016171733196396313,-0.021428127846019426,-0.01569973354735379,0.00047199964904252184,-0.005256394649623113,0.005728394298665635,0.0
2024-06-03,69204.53,39.439998626708984,39.348374,0.0023285492485403125,0.0237819129140538,0.0237341836146235,0.022824414696250586,-0.000957498217803214,-4.7729299430299826e-05,-0.0009097689183729142,0.0
2024-06-04,70439.73,40.16999816894531,40.122064,0.0011947084513226347,0.017691127662457055,0.019471754897758146,0.018339907873866707,0.0006487802114096518,0.001780627235301091,-0.0011318470238914392,0.0
2024-06-05,71300.39,40.66999816894531,40.476104,0.004790336761297809,0.012144346679757473,0.008785367854605599,0.012370272108338787,0.00022592542858131462,-0.0033589788251518742,0.003584904253733189,0.0
2024-06-06,70472.0,40.15999984741211,40.315738,-0.0038629617195125032,-0.011686329443518485,-0.003969861477134916,-0.012619203312913036,-0.0009328738693945519,0.007716467966383569,-0.008649341835778122,0.0
2024-06-07,69206.35,39.41999816894531,39.3304,0.0022780894408731545,-0.018122846388057275,-0.02474415706551362,-0.018598216309292058,-0.0004753699212347827,-0.006621310677456346,0.006145940756221564,0.0
2024-06-10,69492.41,39.59000015258789,39.645887,-0.0014096505751557409,0.004124916554518829,0.00798945329405042,0.004303309697559715,0.0001783931430408862,0.0038645367395315914,-0.003686143596490705,0.0
2024-06-11,67400.44,38.43000030517578,38.297925,0.003448628226614847,-0.030565991887092206,-0.034591492866218494,-0.029738152454407602,0.0008278394326846038,-0.004025500979126288,0.004853340411810892,0.0
2024-06-12,67520.0,38.45000076293945,38.947347,-0.0127697077046236,0.001772304200837842,0.016814939858371684,0.0005203032761967683,-0.0012520009246410736,0.015042635657533842,-0.016294636582174914,-3.469446951953614e-18
2024-06-13,66570.39,37.900001525878906,37.973556,-0.0019369919983552863,-0.014163966197432888,-0.025320634289214623,-0.01440756344499425,-0.00024359724756136195,-0.011156668091781735,0.010913070844220373,0.0
2024-06-14,65470.55,37.29999923706055,37.248632,0.0013790368747110815,-0.016659460878298286,-0.0192748034234285,-0.01595784615340814,0.0007016147248901441,-0.002615342545130215,0.003316957270020359,0.0
2024-06-17,66657.94,37.97999954223633,38.010353,-0.0007985576393798599,0.017973746099803917,0.020243350668781687,0.01806638713575494,9.264103595102435e-05,0.002269604568977769,-0.0021769635330267448,0.0
2024-06-18,64366.1,36.63999938964844,36.662937,-0.0006256348298435688,-0.034987072312806275,-0.03609221621891907,-0.035919170183521,-0.0009320978707147223,-0.0011051439061127918,0.0001730460353980695,0.0
2024-06-20,65010.87,37.040000915527344,36.976953,0.0017050597848704552,0.009967389684393644,0.008528472905737687,0.010857911347376573,0.000890521662982929,-0.0014389167786559576,0.0023294384416388866,0.0
2024-06-21,64193.28,36.58000183105469,36.459115,0.0033156819921353886,-0.012655954363232335,-0.014103330894745697,-0.01249674147635116,0.000159212886881175,-0.0014473765315133613,0.0016065894183945363,0.0
2024-06-24,59270.63,33.76499938964844,34.131683,-0.010743203326702755,-0.07978462725343818,-0.06596542262079252,-0.08007694806853971,-0.00029232081510152663,0.01381920463264566,-0.014111525447747186,0.0
2024-06-25,61960.58,35.29999923706055,35.273396,0.0007542011849539509,0.044384471316150045,0.03290295224903172,0.04445819737588691,7.372605973686441e-05,-0.011481519067118327,0.011555245126855192,0.0
2024-06-26,60931.9,34.709999084472656,34.617598,0.0026691939883483062,-0.01674152928350048,-0.018766859927240174,-0.016855138829012618,-0.00011360954551213609,-0.0020253306437396923,0.0019117210982275562,0.0
2024-06-27,61362.12,34.97999954223633,35.004683,-0.0007051473016816967,0.007035859558383158,0.011119687058157947,0.007748653006793264,0.0007127934484101065,0.004083827499774789,-0.0033710340513646827,0.0
2024-06-28,59952.11,34.13999938964844,34.343962,-0.005938820056683003,-0.023246629806901092,-0.01905562806970907,-0.024306757015623206,-0.0010601272087221135,0.0041910017371920225,-0.005251128945914136,0.0
2024-07-01,63163.74,36.0,36.036878,-0.00102334059015885,0.052184325476341636,0.048116578547464844,0.05304923896771728,0.0008649134913756434,-0.004067746928876792,0.0049326604202524355,0.0
2024-07-02,61832.3,35.220001220703125,35.288525,-0.0019418147768113236,-0.02130452067772068,-0.020984962745998995,-0.021904800728677308,-0.0006002800509566295,0.000319557931721684,-0.0009198379826783135,0.0
2024-07-03,60427.14,34.439998626708984,34.101591,0.00992351432251315,-0.022987539882305077,-0.03421380017818109,-0.022395498042787777,0.0005920418395173009,-0.011226260295876013,0.011818302135393314,0.0
2024-07-05,56463.55,32.20000076293945,32.180919,0.0005929527040371418,-0.0678430445457782,-0.0579703408254779,-0.06725216344051083,0.0005908811052673796,0.009872703720300302,-0.009281822615032922,0.0
2024-07-08,56475.05,32.15999984741211,32.056337,0.003233770827032023,0.00020365047981376388,-0.003878813135998056,-0.0012430366780168702,-0.001446687157830634,-0.00408246361581182,0.0026357764579811862,-8.673617379884035e-19
2024-07-09,57858.29,32.959999084472656,32.889897,0.0021314169659047977,0.024197797313990164,0.025670642414012342,0.02457123769823141,0.00037344038424124565,0.0014728451000221784,-0.0010994047157809328,0.0
2024-07-10,57384.25,32.66999816894531,32.708434,-0.001175104593961418,-0.008226869585436527,-0.00553256340837121,-0.008837507698346944,-0.0006106381129104173,0.002694306177065317,-0.003304944289975734,0.0
2024-07-11,57386.03,32.70000076293945,32.769745,-0.002128311863902166,3.101848318459537e-05,0.0018727160362378818,0.00091793166868749,0.0008869131855028946,0.0018416975530532865,-0.0009547843675503918,-1.0842021724855044e-19
2024-07-12,57611.34,32.849998474121094,32.976119,-0.0038246018544177973,0.0039185294115936286,0.006277951653725293,0.004576597246038638,0.0006580678344450096,0.0023594222421316645,-0.0017013544076866548,0.0
2024-07-15,63426.27,36.150001525878906,36.187272,-0.0010299332351190182,0.09615870561034928,0.09292382196853473,0.09572529233369653,-0.00043341327665274987,-0.003234883641814554,0.002801470365161804,0.0
2024-07-16,65208.43,37.16999816894531,36.96416,0.005568587760287569,0.027710626118468924,0.021241339757067674,0.027824944233107902,0.00011431811463897754,-0.00646928636140125,0.006583604476040228,0.0
2024-07-17,64602.85,36.84000015258789,36.790356,0.001349379510975357,-0.009330227590863972,-0.004713048939894306,-0.008917719518518144,0.0004125080723458279,0.004617178650969667,-0.004204670578623839,0.0
2024-07-18,63547.89,36.220001220703125,36.151944,0.0018825328093869942,-0.016464732581192233,-0.01750502251989442,-0.01697272937128663,-0.0005079967900943963,-0.0010402899387021887,0.0005322931486077924,0.0
2024-07-19,67207.36,38.400001525878906,38.223136,0.004627185113197152,0.05598897046006524,0.05571026363564592,0.058446013172382814,0.0024570427123175725,-0.0002787068244193211,0.0027357495367368936,0.0
2024-07-22,68276.66,38.93000030517578,38.614564,0.0081688428535871,0.015785215161169822,0.010188524280215043,0.013707670131344342,-0.0020775450298254807,-0.005596690880954779,0.0035191458511292985,0.0
2024-07-23,65525.0,37.34000015258789,37.470087,-0.00347175194474747,-0.041136231293032864,-0.030086576347984423,-0.04170002726143204,-0.0005637959683991792,0.011049654945048441,-0.01161345091344762,0.0
2024-07-24,65651.94,37.41999816894531,37.496918,-0.002051364089568297,0.0019354017500958554,0.0007158082718028096,0.002140129713405504,0.00020472796330964866,-0.001219593478293046,0.0014243214416026946,0.0
2024-07-25,64663.15,36.83000183105469,36.847753,-0.000481743593573003,-0.015175663486370642,-0.017464103089526853,-0.015892491740064105,-0.000716828253693463,-0.0022884396031562105,0.0015716113494627475,0.0
2024-07-26,68008.63,38.790000915527344,38.599186,0.0049434958428227205,0.050443121415000694,0.046436548322864514,0.0518497248806602,0.0014066034656595033,-0.00400657309213618,0.005413176557795683,0.0
2024-07-29,67297.37,38.34000015258789,38.361841,-0.0005693378326683263,-0.010513451752965574,-0.006167946601172446,-0.011668763456664193,-0.0011553117036986194,0.004345505151793128,-0.005500816855491747,0.0
2024-07-30,65891.91,37.54999923706055,37.434463,0.003086360209322292,-0.021105484922853208,-0.024471490849026205,-0.020820383705177848,0.0002851012176753598,-0.0033660059261729977,0.0036511071438483575,0.0
2024-07-31,65222.44,37.18000030517578,37.480653,-0.008021543670122755,-0.010212090714149507,0.0012331291285209913,-0.009902367390821228,0.0003097233233282787,0.011445219842670499,-0.01113549651934222,0.0
2024-08-01,63346.4,36.06999969482422,35.977455,0.00257229686825311,-0.029185503496553064,-0.04093238756417856,-0.03030950404656705,-0.0011240005500139857,-0.011746884067625495,0.010622883517611509,0.0
2024-08-02,62553.57,35.61000061035156,35.678531,-0.00192077385833056,-0.012594768376905022,-0.008343356940096351,-0.012834972025215354,-0.0002402036483103321,0.004251411436808671,-0.004491615085119003,0.0
2024-08-05,53469.64,30.479999542236328,30.235834,0.008075369848780323,-0.15690929343412932,-0.1655213580689141,-0.15555579862962624,0.001353494804503086,-0.008612064634784783,0.009965559439287869,0.0
2024-08-06,56787.45,32.34000015258789,32.256835,0.002578217999003485,0.060201334419037064,0.06470218149993545,0.0592341430672488,-0.0009671913517882644,0.0045008470808983875,-0.005468038432686652,0.0
2024-08-07,54755.89,31.190000534057617,31.259338,-0.0022181360956007312,-0.03643040779069472,-0.031411811224794375,-0.036207311124769964,0.0002230966659247588,0.005018596565900348,-0.004795499899975589,0.0
2024-08-08,59461.06,33.880001068115234,33.965716,-0.0025235720596841205,0.0824367017027305,0.08303351539934169,0.08272735356784564,0.0002906518651151352,0.000596813696611187,-0.0003061618314960518,0.0
2024-08-09,60704.82,34.599998474121094,34.44798,0.004412986599536151,0.02070145731045199,0.014098697091465839,0.021028736652854423,0.00032727934240243256,-0.006602760218986151,0.006930039561388584,0.0
2024-08-12,59055.01,33.63999938964844,33.613874,0.0007772204313145625,-0.027553719434696995,-0.024511461627410105,-0.028137821002009608,-0.0005841015673126136,0.0030422578072868897,-0.0036263593745995033,0.0
2024-08-13,60833.19,34.63999938964844,34.550255,0.002597502960497433,0.029666145789808997,0.027476032385058403,0.029293249113263743,-0.0003728966765452549,-0.0021901134047505946,0.0018172167282053397,0.0
2024-08-14,58901.63,33.560001373291016,33.544499,0.00046214353331119895,-0.03226676388888585,-0.029542045052659435,-0.03167414355490961,0.0005926203339762376,0.0027247188362264155,-0.002132098502250178,0.0
2024-08-15,57036.01,32.5,32.557343,-0.001761292375732304,-0.032185941550670845,-0.029869951131083077,-0.03209483318378411,9.110836688673574e-05,0.0023159904195877677,-0.002224882052701032,0.0
2024-08-16,59710.88,34.029998779296875,33.975587,0.0016014963714057195,0.045831425602428,0.04263930268730014,0.04600236330574,0.00017093770331200187,-0.003192122915127861,0.003363060618439863,0.0
2024-08-19,58979.76,33.619998931884766,33.578407,0.001238651133294244,-0.012319914147289241,-0.01175902572543969,-0.012121356431195811,0.0001985577160934296,0.0005608884218495508,-0.0003623307057561212,0.0
2024-08-20,59517.0,33.91999816894531,33.799973,0.003551043337972848,0.009067651825885406,0.0065767920997108695,0.008883660731899815,-0.00018399109398559155,-0.002490859726174537,0.0023068686321889454,0.0
2024-08-21,61610.76,35.130001068115234,34.802856,0.009399948904056599,0.03457454458144662,0.029239448706386607,0.03505073974024593,0.0004761951587993127,-0.005335095875060012,0.005811291033859325,0.0
2024-08-22,60314.46,34.349998474121094,34.313944,0.0010507236976633472,-0.021264654629689475,-0.014147650205514256,-0.02245352243553552,-0.0011888678058460458,0.007117004424175219,-0.008305872230021265,0.0
2024-08-23,63649.84,36.279998779296875,36.178481,0.002806026579636578,0.05382493527270011,0.05291269239098079,0.05466461735336552,0.0008396820806654132,-0.0009122428817193232,0.0017519249623847363,0.0
2024-08-26,63369.76,36.09000015258789,36.138148,-0.0013323274732316426,-0.004410035205995719,-0.001115455870654468,-0.005250768717532156,-0.0008407335115364371,0.003294579335341251,-0.004135312846877688,0.0
2024-08-27,62109.68,35.380001068115234,35.31521,0.0018346505122079915,-0.0200849216386791,-0.02303528936841421,-0.01986910396123786,0.00021581767744124208,-0.002950367729735108,0.00316618540717635,0.0
2024-08-28,58904.42,33.52000045776367,33.763177,-0.00720241884335493,-0.052985724121707635,-0.04494297857451713,-0.05400442965112551,-0.0010187055294178723,0.008042745547190505,-0.009061451076608378,0.0
2024-08-29,59253.71,33.689998626708984,33.778586,-0.0026225897463858505,0.0059122638018744445,0.0004562806649667747,0.0050587273855734385,-0.000853536416301006,-0.005455983136907669,0.004602446720606663,0.0
2024-08-30,58674.49,33.369998931884766,33.535766,-0.004942993343740487,-0.009823344336548424,-0.007214540317422203,-0.009543755900855547,0.00027958843569287663,0.0026088040191262207,-0.002329215583433344,0.0
2024-09-03,58017.88,32.97999954223633,33.003412,-0.0007093950699300633,-0.011253810850897394,-0.016001561036808585,-0.011755957503620032,-0.0005021466527226383,-0.004747750185911191,0.004245603533188553,0.0
2024-09-04,58043.49,33.040000915527344,32.927815,0.003407025808646713,0.00044131825112274,-0.0022932087439888867,0.0018176731110281443,0.0013763548599054042,-0.002734526995111627,0.004110881855017031,0.0
2024-09-05,56035.77,31.850000381469727,31.97239,-0.0038279784066901357,-0.035202320331174125,-0.029445023454323076,-0.0366815823671985,-0.001479262036024373,0.005757296876851049,-0.007236558912875422,0.0
2024-09-06,53478.7,30.40999984741211,30.484066,-0.002429667767675392,-0.046706793035482655,-0.047668596991049236,-0.04626589732365847,0.0004408957118241866,-0.0009618039555665814,0.001402699667390768,0.0
2024-09-09,57101.12,32.5099983215332,32.343335,0.005152941758578722,0.0655402873949179,0.05920385102782378,0.06677618601498106,0.0012358986200631528,-0.006336436367094127,0.0075723349871572795,0.0
2024-09-10,57960.57,33.0,32.825934,0.0053026975561458745,0.014939220592022563,0.01481090180681829,0.014959878779913975,2.0658187891412286e-05,-0.00012831878520427192,0.0001489769730956842,0.0
2024-09-11,57604.58,32.79999923706055,32.741859,0.0017757158217726055,-0.006160873342981791,-0.0025645226789480407,-0.006079069336731612,8.180400625017962e-05,0.0035963506640337506,-0.003514546657783571,0.0
2024-09-12,58407.05,33.25,33.172458,0.0023375415834425706,0.013834523296617328,0.013065602291255207,0.01362627497211451,-0.00020824832450281813,-0.000768921005362121,0.0005606726808593029,0.0
2024-09-13,59760.46,34.040000915527344,34.069464,-0.0008647944820223685,0.02290763652513925,0.02668154591462374,0.023481563498942752,0.000573926973803502,0.0037739093894844887,-0.0031999824156809867,0.0
2024-09-16,57936.06,32.97999954223633,32.955578,0.0007410442698447817,-0.031004249603162327,-0.03324096581399845,-0.03163502734939175,-0.000630777746229421,-0.0022367162108361226,0.0016059384646067015,0.0
2024-09-17,59975.42,34.099998474121094,34.322387,-0.006479401501967352,0.03459482297085341,0.040637290063932144,0.033396036290873905,-0.0011987866799795036,0.006042467093078735,-0.0072412537730582385,0.0
2024-09-18,60061.01,34.150001525878906,34.346443,-0.0057194124620443265,0.0014260673114842633,0.0007006381493344407,0.001465291156176269,3.92238446920057e-05,-0.0007254291621498226,0.0007646530068418283,0.0
2024-09-19,63266.78,36.0099983215332,36.082093,-0.001998073628012631,0.05199950993483407,0.04929824185716727,0.05303400035118817,0.001034490416354096,-0.0027012680776668033,0.0037357584940208993,0.0
2024-09-20,62806.9,35.79999923706055,35.799015,2.7493411775436627e-05,-0.0072954488153742095,-0.007876324428078271,-0.005848758954156138,0.0014466898612180718,-0.0005808756127040618,0.0020275654739221336,0.0
2024-09-23,63297.31,36.040000915527344,36.068349,-0.0007859545906205856,0.007777892146530144,0.00749534269642814,0.006681586047729816,-0.0010963060988003273,-0.0002825494501020034,-0.0008137566486983239,0.0
2024-09-24,64300.87,36.63999938964844,36.357428,0.007772040135744396,0.015730329282038973,0.007982807975499903,0.016511065004636442,0.0007807357225974691,-0.0077475213065390704,0.00852825702913654,0.0
2024-09-25,63167.39,35.970001220703125,36.010942,-0.0011368983154307344,-0.017784974502491762,-0.009575693014786548,-0.018455231503629998,-0.0006702570011382358,0.008209281487705214,-0.00887953848884345,0.0
2024-09-26,64722.33,36.84000015258789,37.053763,-0.005768991597752349,0.024318086362159222,0.028547075317966835,0.023898923884781285,-0.0004191624773779365,0.004228988955807613,-0.00464815143318555,0.0
2024-09-27,65664.45,37.38999938964844,37.438964,-0.001307851636908608,0.014451409816641557,0.010342068249606626,0.014819057136082878,0.0003676473194413211,-0.00410934156703493,0.004476988886476251,0.0
2024-09-30,63464.76,36.130001068115234,36.075858,0.0015008116540218275,-0.03407289193386473,-0.03708809212548428,-0.034279697942436634,-0.00020680600857190395,-0.0030152001916195492,0.0028083941830476453,0.0
2024-10-01,61745.74,35.130001068115234,35.202594,-0.0020621472350805803,-0.027459805947014047,-0.024504115090228117,-0.02806807804027861,-0.0006082720932645627,0.002955690856785931,-0.0035639629500504935,0.0
2024-10-02,60164.4,34.2400016784668,34.342787,-0.002992923129191749,-0.02594417000908223,-0.02472776189629146,-0.025660896388199215,0.0002832736208830157,0.001216408112790772,-0.0009331344919077562,0.0
2024-10-03,61030.5,34.720001220703125,34.581659,0.0040004506638366966,0.014292923949980501,0.00693144363848013,0.013921324656466352,-0.000371599293514149,-0.007361480311500372,0.006989881017986223,0.0
2024-10-04,62373.62,35.52000045776367,35.474634,0.001278842165465921,0.02176869036347877,0.02549445105529981,0.022780006060811094,0.0010113156973323226,0.0037257606918210395,-0.002714444994488717,0.0
2024-10-07,63368.59,36.060001373291016,35.986414,0.0020448654120139853,0.015825883233287492,0.014323572469964404,0.015088324847210722,-0.0007375583860767705,-0.0015023107633230885,0.000764752377246318,0.0
2024-10-08,62216.84,35.400001525878906,35.328397,0.0020268263481897364,-0.018342610160093833,-0.018454390201333874,-0.018472392615018908,-0.0001297824549250752,-0.00011178004124004146,-1.8002413685033747e-05,0.0
2024-10-09,60968.18,34.68000030517578,34.707268,-0.0007856479750644185,-0.020273613923721002,-0.017737970666499996,-0.020548702531547718,-0.00027508860782671576,0.0025356432572210055,-0.0028107318650477213,0.0
2024-10-10,59670.0,33.95000076293945,33.844106,0.0031288982175938784,-0.02152270719392317,-0.02518425439543776,-0.021274284234955757,0.00024842295896741404,-0.0036615472015145874,0.003909970160482001,0.0
2024-10-11,63094.66,35.939998626708984,35.86584,0.0020676673600559248,0.05580675685678447,0.05802044739197847,0.05696196666760682,0.001155209810822351,0.0022136905351940045,-0.0010584807243716535,0.0
2024-10-14,65914.86,37.56999969482422,37.50523,0.001726951009878297,0.04372777086939455,0.044695079451640245,0.04435500831826417,0.0006272374488696247,0.0009673085822456962,-0.0003400711333760714,0.0
2024-10-15,66975.69,38.16999816894531,38.004903,0.004344049212421819,0.015965808469057794,0.013234787800535793,0.01584396732307546,-0.00012184114598233486,-0.0027310206685220006,0.0026091795225396657,0.0
2024-10-16,67725.74,38.58000183105469,38.56828,0.0003039241328544051,0.01113659672339652,0.014714999262556167,0.010684236152728377,-0.00045236057066814356,0.003578402539159647,-0.004030763109827791,0.0
2024-10-17,66825.0,38.04999923706055,38.054654,-0.00012231783632699056,-0.013389052427641056,-0.013406787407065256,-0.013832990682099694,-0.0004439382544586378,-1.773497942419988e-05,-0.00042620327503443793,0.0
2024-10-18,68602.94,39.06999969482422,39.117279,-0.0012086552639763992,0.02625812893137283,0.027540897958329435,0.026453836999255496,0.00019570806788266407,0.0012827690269566032,-0.0010870609590739391,0.0
2024-10-21,67735.4,38.56999969482422,38.438144,0.003430334587024131,-0.012726452574590727,-0.0175139876348898,-0.01288013694810021,-0.00015368437350948318,-0.004787535060299072,0.004633850686789589,0.0
2024-10-22,67439.11,38.40999984741211,38.378993,0.0008079119588184636,-0.004383821691021888,-0.0015400472863477705,-0.0041569259226736325,0.0002268957683482552,0.0028437744046741174,-0.0026168786363258622,0.0
2024-10-23,66393.44,37.810001373291016,37.615485,0.005171178127598708,-0.015626860269642974,-0.02009445189014827,-0.015744184161522626,-0.0001173238918796525,-0.004467591620505296,0.004350267728625644,0.0
2024-10-24,68269.33,38.869998931884766,38.676982,0.004990485862748084,0.02786236098700455,0.027828842000540407,0.027649063161281705,-0.00021329782572284545,-3.351898646414275e-05,-0.0001797788392587027,0.0
2024-10-25,66725.35,38.0099983215332,38.015754,-0.00015140245454026147,-0.022875676721007706,-0.01724398996232409,-0.02237347854236588,0.0005021981786418259,0.005631686758683616,-0.00512948858004179,0.0
2024-10-28,69616.92,39.66999816894531,39.596337,0.0018603026069132778,0.0424227005566979,0.04073596122239897,0.042745949526475605,0.00032324896977770773,-0.0016867393342989284,0.002009988304076636,0.0
2024-10-29,72512.31,41.33000183105469,41.529238,-0.004797491563541589,0.040748699307065074,0.04766109531024913,0.04099348445784916,0.00024478515078408397,0.006912396003184058,-0.006667610852399974,0.0
2024-10-30,71817.56,40.880001068115234,40.902623,-0.000553067999691903,-0.009627326153493968,-0.01520351627056998,-0.010947700803410872,-0.0013203746499169042,-0.005576190117076012,0.004255815467159108,0.0
2024-10-31,69963.39,39.779998779296875,40.050802,-0.006761493083287662,-0.026156909160210743,-0.021045494739065057,-0.027276729284039482,-0.0011198201238287395,0.005111414421145686,-0.006231234544974425,0.0
2024-11-01,69211.34,39.369998931884766,39.283427,0.002203777483180458,-0.01080738320684715,-0.019345973184539778,-0.010360164914008044,0.00044721829283910636,-0.008538589977692627,0.008985808270531734,0.0
2024-11-04,67279.04,38.25,38.421996,-0.004476498305814203,-0.02831597519511974,-0.022172616998896864,-0.02886051755291974,-0.0005445423578,0.006143358196222876,-0.006687900554022876,0.0
2024-11-05,69439.54,39.5099983215332,39.488654,0.0005405178290758261,0.03160769907100186,0.02738328204006772,0.032410201668678286,0.0008025025976764258,-0.004224417030934142,0.005026919628610568,0.0
2024-11-06,76221.57,43.400001525878906,43.194745,0.004751886505613312,0.09318804759555407,0.08970545419308204,0.09390571432363554,0.0007176667280814619,-0.003482593402472034,0.004200260130553496,0.0
2024-11-07,76599.9,43.599998474121094,43.609968,-0.00022860658551526747,0.004951277760920723,0.009566903745375947,0.004597639092906718,-0.0003536386680140051,0.004615625984455224,-0.004969264652469229,0.0
2024-11-08,76712.64,43.689998626708984,43.670727,0.0004412939292031126,0.0014707214468117115,0.0013922668653047416,0.0020620961729621765,0.000591374726150465,-7.84545815069699e-05,0.0006698293076574349,0.0
2024-11-11,87047.89,49.56999969482422,49.50603,0.0012921596586157325,0.1263919342678176,0.12541646539417664,0.1262665943452939,-0.00012533992252372617,-0.0009754688736409722,0.0008501289511172461,0.0
2024-11-12,89618.02,51.04999923706055,50.934095,0.0022755727192276254,0.02909798885389339,0.02843806180374869,0.029419723789708026,0.0003217349358146382,-0.0006599270501446985,0.0009816619859593367,0.0
2024-11-13,89780.86,51.040000915527344,51.519996,-0.009316675499599358,0.001815396447538096,0.011437462015364297,-0.00019587269174704602,-0.002011269139285142,0.009622065567826202,-0.011633334707111344,0.0
2024-11-14,87550.16,49.72999954223633,50.20882,-0.00953658058013862,-0.025159926021407254,-0.025779295680451984,-0.02600129345231544,-0.0008413674309081867,-0.0006193696590447301,-0.00022199777186345665,0.0
2024-11-15,91523.12,52.130001068115234,51.765778,0.007035981727450125,0.04437973170217838,0.030538566089303474,0.0471322557478015,0.0027525240456231226,-0.013841165612874903,0.016593689658498025,0.0
2024-11-18,91575.13,52.130001068115234,51.93316,0.0037902771199602725,0.0005681103057932703,0.0032282325854497847,0.0,-0.0005681103057932703,0.0026601222796565145,-0.0032282325854497847,0.0
2024-11-19,92577.97,52.70000076293945,52.973675,-0.005166230907343028,0.010891480115365,0.019837584892899652,0.010874850754877792,-1.6629360487208436e-05,0.008946104777534651,-0.00896273413802186,0.0
2024-11-20,94380.69,53.720001220703125,53.6417,0.0014597080387670491,0.0192852887618094,0.01253165863432019,0.019169924354129165,-0.00011536440768023654,-0.006753630127489212,0.006638265719808975,0.0
2024-11-21,98240.34,55.900001525878906,55.920654,-0.00036931746401058785,0.04008042816243112,0.041607042458270724,0.039779013079159355,-0.0003014150832717638,0.0015266142958396053,-0.0018280293791113691,0.0
2024-11-22,99379.49,56.4900016784668,56.515923,-0.00045865519232879404,0.01152882903884416,0.010588628320464847,0.010499253592171544,-0.0010295754466726151,-0.000940200718379313,-8.93747282933021e-05,0.0
2024-11-25,94985.99,54.02000045776367,53.9911,0.0005352818846748875,-0.045216347302722296,-0.0457032032905948,-0.04470930421137006,0.000507043091352237,-0.00048685598787250733,0.0009938990792247443,0.0
2024-11-26,90940.03,51.70000076293945,51.9389,-0.004599620651583702,-0.0435291287563692,-0.038751190438300026,-0.04389656056700325,-0.00036743181063405433,0.004777938318069171,-0.005145370128703225,0.0
2024-11-27,96643.99,55.029998779296875,55.142386,-0.002038127633851916,0.06083374230121719,0.05985064860386066,0.06242067261773169,0.0015869303165144955,-0.000983093697356531,0.0025700240138710265,0.0
2024-11-29,97052.95,55.209999084472656,55.442392,-0.004191610555463465,0.004222685269913896,0.005425823362476408,0.003265610824152476,-0.0009570744457614204,0.0012031380925625118,-0.002160212538323932,0.0
2024-12-02,95694.32,54.47999954223633,54.566348,-0.0015824489072214787,-0.014097761300389583,-0.015927143953245865,-0.013310426274476862,0.0007873350259127217,-0.0018293826528562821,0.002616717678769004,0.0
2024-12-03,95660.2,54.459999084472656,54.333498,0.0023282337623957705,-0.0003566155673940183,-0.004276412931890081,-0.00036718300423185134,-1.056743683783306e-05,-0.003919797364496063,0.00390922992765823,0.0
2024-12-04,99029.44,56.41999816894531,56.052544,0.006555530627571748,0.03461485067716194,0.03114859372564305,0.03535720268524134,0.0007423520080793999,-0.003466256951518889,0.004208608959598289,0.0
2024-12-05,99143.74,56.400001525878906,56.159868,0.004275891921236452,0.001153536645820694,0.0019128727528933403,-0.00035448756124617894,-0.001508024207066873,0.0007593361070726463,-0.002267360314139519,-4.336808689942018e-19
2024-12-06,101564.38,57.79999923706055,57.890688,-0.0015665518250439492,0.024122166810986855,0.030354133341589446,0.024519576920083774,0.0003974101090969198,0.006231966530602592,-0.005834556421505672,0.0
2024-12-09,96196.76,54.72999954223633,55.037655,-0.005589908541046573,-0.054297205851162676,-0.050538955289486195,-0.05457676568689608,-0.00027955983573340476,0.003758250561676481,-0.0040378103974098856,0.0
2024-12-10,96482.7,54.900001525878906,54.746314,0.002807267095258803,0.0029680403911247462,-0.005307545110225131,0.0031013795174804526,0.0001333391263557064,-0.008275585501349877,0.008408924627705584,0.0
2024-12-11,101403.61,57.720001220703125,57.707486,0.0002168734348109158,0.04974497443934363,0.05267686290388441,0.050090378745101104,0.00034540430575747544,0.0029318884645407814,-0.002586484158783306,0.0
2024-12-12,100054.53,56.91999816894531,56.789246,0.0023024107230673607,-0.013393354735197949,-0.01603992831738908,-0.013957014001637437,-0.0005636592664394879,-0.0026465735821911297,0.002082914315751642,0.0
2024-12-13,101728.61,57.90999984741211,57.799087,0.0019189377059209978,0.016593243726851253,0.017626002890008725,0.017243337550048806,0.0006500938231975527,0.0010327591631574713,-0.00038266533995991864,0.0
2024-12-16,105848.66,60.220001220703125,60.428116,-0.0034440057554810943,0.03970175698410608,0.044481513613712866,0.03911446472152963,-0.0005872922625764498,0.004779756629606786,-0.005367048892183236,0.0
2024-12-17,106726.24,60.72999954223633,60.572461,0.0026008278289424425,0.008256713145552567,0.0023858575231659337,0.00843325904748423,0.0001765459019316632,-0.005870855622386633,0.006047401524318296,0.0
2024-12-18,100699.83,57.18000030517578,57.633265,-0.007864636765316346,-0.05812293968221212,-0.04974043247872052,-0.06023361014052518,-0.002110670458313063,0.008382507203491596,-0.010493177661804659,0.0
2024-12-19,96243.93,54.720001220703125,54.867468,-0.002687690623829675,-0.04525820529621873,-0.04917931379249648,-0.04397489660880687,0.0012833086874118604,-0.003921108496277748,0.005204417183689608,0.0
2024-12-20,96362.57,54.810001373291016,55.07538,-0.004818462018945424,0.001231941964625455,0.003782187775368663,0.0016433884910417738,0.00041144652641631873,0.0025502458107432083,-0.0021387992843268895,0.0
2024-12-23,92980.11,52.869998931884766,52.762448,0.002038399201734764,-0.03573224889692025,-0.04290306678717247,-0.03603663406882026,-0.00030438517190001235,-0.007170817890252222,0.00686643271835221,0.0
2024-12-24,98761.49,56.22999954223633,55.502426,0.013108860182730275,0.06032215213110206,0.0506270059490882,0.061614364118507646,0.0012922119874055893,-0.009695146182013857,0.010987358169419446,0.0
2024-12-26,95470.16,54.29999923706055,54.333196,-0.0006109849113137278,-0.033894013515285,-0.02129134698067523,-0.03492620127375563,-0.0010321877584706304,0.012602666534609772,-0.013634854293080402,0.0
2024-12-27,94444.1,53.68000030517578,53.674186,0.00010832591249321233,-0.010805612845005662,-0.012203206225242486,-0.011483714540920223,-0.0006781016959145608,-0.0013975933802368237,0.000719491684322263,0.0
2024-12-30,94211.54,53.54999923706055,53.709968,-0.0029783812743932048,-0.0024654456956582404,0.0006664298221191635,-0.0024247157019968483,4.072999366139208e-05,0.003131875517777404,-0.003091145524116012,0.0
2024-12-31,93390.22,53.04999923706055,53.296454,-0.004624224398483423,-0.008756050555555627,-0.007728808247007115,-0.00938093196804687,-0.0006248814124912433,0.0010272423085485125,-0.0016521237210397558,0.0
2025-01-02,97209.38,55.369998931884766,55.437488,-0.0012173904437234873,0.04008058003652773,0.039386243731831395,0.04280306086589566,0.002722480829367928,-0.0006943363046963344,0.0034168171340642622,0.0
2025-01-03,98300.02,55.959999084472656,55.995765,-0.0006387253665941506,0.011157021743917183,0.010020019265637203,0.010599221892520645,-0.0005577998513965378,-0.0011370024782799797,0.0005792026268834419,0.0
2025-01-06,102182.39,58.16999816894531,58.0785,0.0015754223842783244,0.038735123113117303,0.0365194808613166,0.03873259300813166,-2.5301049856457647e-06,-0.002215642251800702,0.0022131121468150564,0.0
2025-01-07,96450.93,54.790000915527344,54.789287,1.3030202917985179e-05,-0.05772497211805504,-0.05830086159470002,-0.059862014184946556,-0.002137042066891519,-0.0005758894766449835,-0.0015611525902465354,0.0
2025-01-08,93948.24,53.34000015258789,53.468851,-0.002409830116082201,-0.02629038929177258,-0.024395422097540115,-0.02682119064554328,-0.0005308013537707011,0.0018949671942324643,-0.0024257685480031654,0.0
2025-01-10,94672.29,53.84000015258789,53.989137,-0.0027623491631679764,0.007677356822163662,0.009683599616368724,0.009330166556037833,0.0016528097338741714,0.002006242794205063,-0.00035343306033089154,0.0
2025-01-13,93564.5,53.220001220703125,52.615324,0.011492416557258522,-0.011770311100466996,-0.02577545154731332,-0.011582399684103909,0.00018791141636308704,-0.014005140446846325,0.014193051863209412,0.0
2025-01-14,96447.58,54.83000183105469,54.869561,-0.0007209674767638674,0.03034861027949384,0.041951342196315716,0.029803234324613778,-0.0005453759548800612,0.011602731916821877,-0.012148107871701938,0.0
2025-01-15,99572.92,56.63999938964844,56.890101,-0.004396223700702584,0.031890591755850725,0.03616260380704803,0.03247791579840208,0.0005873240425513515,0.004272012051197302,-0.0036846880086459505,0.0
2025-01-16,100348.45,57.09000015258789,57.129083,-0.0006841147338582099,0.007758389111613789,0.004191967379120539,0.007913534039444892,0.00015514492783110304,-0.0035664217324932494,0.0037215666603243524,0.0
2025-01-17,104732.3,59.619998931884766,59.859796,-0.004005978705895363,0.04275894159371392,0.046691772970807496,0.043362097685612264,0.0006031560918983436,0.003932831377093576,-0.0033296752851952327,0.0
2025-01-21,106137.11,60.41999816894531,60.609598,-0.0031282146278991396,0.013324178062312557,0.012448168905457026,0.0133290753185449,4.89725623234287e-06,-0.0008760091568555308,0.0008809064130878737,0.0
2025-01-22,104313.15,59.380001068115234,59.35837,0.00036441479298088275,-0.01733431616101814,-0.020860124458944033,-0.017362658329677434,-2.8342168659295508e-05,-0.003525808297925894,0.0034974661292665986,0.0
2025-01-23,103331.39,58.790000915527344,59.47779,-0.011563796914321411,-0.009456230496226983,0.002009826641971473,-0.009985699336403232,-0.0005294688401762497,0.011466057138198456,-0.011995525978374706,0.0
2025-01-24,104870.05,59.70000076293945,59.880776,-0.0030189194118083185,0.014780762444350507,0.006752553163951685,0.015360245191106901,0.0005794827467563938,-0.008028209280398822,0.008607692027155216,0.0
2025-01-27,101352.86,57.66999816894531,57.093401,0.0100991911297299,-0.03411387308419644,-0.04766697791284418,-0.034594957301348976,-0.0004810842171525387,-0.013553104828647744,0.013072020611495205,0.0
2025-01-28,101207.91,57.58000183105469,57.957867,-0.0065196527840700735,-0.00143117568857301,0.015027774726613326,-0.0015617588925477084,-0.00013058320397469833,0.016458950415186337,-0.016589533619161035,0.0
2025-01-29,104220.34,59.34000015258789,59.106458,0.003951212109307711,0.02933039595122747,0.019623875328821115,0.030108300449877945,0.0007779044986504745,-0.009706520622406355,0.01048442512105683,0.0
2025-01-30,104915.66,59.720001220703125,59.981212,-0.004354876645321415,0.006649477488280574,0.014691188990403763,0.0063833756773373895,-0.0002661018109431845,0.00804171150212319,-0.008307813313066374,-1.734723475976807e-18
2025-01-31,101599.53,57.709999084472656,57.934261,-0.0038709722305311223,-0.03211788014428525,-0.03472244315907967,-0.034236540252830926,-0.002118660108545674,-0.00260456301479442,0.00048590290624874605,0.0
2025-02-03,101209.94,57.58000183105469,57.816853,-0.004096576632168336,-0.003841935775591324,-0.0020286291199658768,-0.002255135874384473,0.0015867999012068512,0.0018133066556254474,-0.0002265067544185962,0.0
2025-02-04,98697.79,56.130001068115234,56.089353,0.0007247020324023801,-0.025134418269179754,-0.03033429915250888,-0.02550486900079606,-0.00037045073161630707,-0.005199880883329126,0.0048294301517128185,0.0
2025-02-05,97325.05,55.33000183105469,55.440434,-0.001991906646064745,-0.014006147865656153,-0.01163682528689863,-0.014355157980057662,-0.0003490101144015094,0.002369322578757523,-0.0027183326931590323,0.0
2025-02-06,96935.46,55.119998931884766,54.855493,0.004821867736832797,-0.004011011011110604,-0.010606855574532566,-0.0038026826759559418,0.00020832833515466208,-0.006595844563421962,0.0068041728985766235,0.0
2025-02-07,95776.2,54.470001220703125,54.682598,-0.003887832456257345,-0.012031176353970167,-0.0031568040304956616,-0.011862493521263758,0.0001686828327064089,0.008874372323474506,-0.008705689490768095,-1.734723475976807e-18
2025-02-10,97374.72,55.380001068115234,55.364708,0.00027622412666272744,0.01655240883147008,0.01239682751722739,0.016568423223695325,1.6014392225243562e-05,-0.004155581314242691,0.004171595706467935,0.0
2025-02-11,95279.96,54.11000061035156,54.087047,0.0004243827612102624,-0.02174712347371639,-0.023347620847876484,-0.023199514095363655,-0.0014523906216472662,-0.0016004973741600946,0.00014810675251282837,0.0
2025-02-12,97033.95,55.15999984741211,55.273182,-0.002047686572267393,0.018241412035995472,0.021693105909481473,0.019219027224349938,0.000977615188354465,0.003451693873486001,-0.002474078685131536,0.0
2025-02-13,96273.84,54.7400016784668,54.61315,0.002322731401993794,-0.007864286457774462,-0.012013139863834349,-0.007643315883762295,0.00022097057401216768,-0.004148853406059886,0.004369823980072054,0.0
2025-02-14,97236.51,55.33000183105469,55.644907,-0.005659191216642934,0.009949627413935729,0.018715858870994643,0.010720555728300279,0.0007709283143645506,0.008766231457058914,-0.007995303142694364,0.0
2025-02-18,94161.31,53.5099983215332,53.469801,0.0007517761574089565,-0.032136882879208795,-0.03987352787419531,-0.033446769047496536,-0.001309886168287741,-0.007736644994986518,0.006426758826698777,0.0
2025-02-19,96162.43,54.650001525878906,54.751589,-0.0018554251296907243,0.021029365505678927,0.023689363865901772,0.02108072158761406,5.135608193513122e-05,0.002659998360222845,-0.0026086422782877136,0.0
2025-02-20,98512.94,56.040000915527344,56.023084,0.00030196330368648105,0.024149169257760478,0.02295742897738928,0.025116495262360726,0.0009673260046002483,-0.0011917402803711986,0.002159066284971447,0.0
2025-02-21,94937.7,53.91999816894531,54.102615,-0.003375379009955215,-0.03696702310517887,-0.03488129898557835,-0.038564305160517724,-0.001597282055338857,0.002085724119600514,-0.003683006174939371,0.0
2025-02-24,93977.16,53.40999984741211,53.578301,-0.0031412185427062145,-0.0101691129803968,-0.009738367077745851,-0.009503441150558815,0.0006656718298379844,0.0004307459026509485,0.0002349259271870359,0.0
2025-02-25,88057.62,50.029998779296875,50.112655,-0.0016494081325988397,-0.06506040108714303,-0.06687058301607089,-0.0653751903940723,-0.00031478930692926954,-0.0018101819289278592,0.0014953926219985897,0.0
2025-02-26,84264.23,47.959999084472656,47.506431,0.009547509146133448,-0.04403391588807151,-0.05340847965454826,-0.042255490030771406,0.001778425857300106,-0.009374563766476746,0.011152989623776852,0.0
2025-02-27,83358.53,47.349998474121094,47.254901,0.002012436215263591,-0.010806513554708543,-0.005308717921527628,-0.01280052366336375,-0.0019940101086552073,0.0054977956331809155,-0.007491805741836123,0.0
2025-02-28,84155.16,47.900001525878906,47.765643,0.0028128696159059885,0.009511294337397346,0.01075024194270641,0.011548748865823149,0.0020374545284258024,0.001238947605309064,0.0007985069231167385,0.0
2025-03-03,85989.99,48.900001525878906,48.732324,0.003440786568662535,0.021568656300245032,0.020035931707645394,0.020661891412514864,-0.000906764887730168,-0.0015327245925996387,0.0006259597048694707,0.0
2025-03-04,86813.52,49.38999938964844,50.039067,-0.012971217276124825,0.009531475775375116,0.026461493262179756,0.0099705345098436,0.0004390587344684834,0.01693001748680464,-0.01649095875233616,0.0
2025-03-05,90499.79,51.439998626708984,51.22279,0.004240468485004145,0.041585160355617705,0.023380509856738205,0.0406680910376783,-0.0009170693179394035,-0.0182046504988795,0.017287581180940096,0.0
2025-03-06,89019.08,50.63999938964844,50.578628,0.001213385812846468,-0.01649680148312947,-0.01265543466976026,-0.015674287449250705,0.0008225140338787643,0.0038413668133692094,-0.003018852779490445,0.0
2025-03-07,86970.66,49.43000030517578,49.813118,-0.007691100461212241,-0.023279908381458513,-0.015250752529993358,-0.024184232290398736,-0.0009043239089402237,0.008029155851465155,-0.008933479760405379,0.0
2025-03-10,79002.84,44.90999984741211,44.620728,0.006482902910327049,-0.09608701920866417,-0.11007985857308765,-0.09589704979075662,0.00018996941790754007,-0.013992839364423484,0.014182808782331024,0.0
2025-03-11,83071.91,47.2400016784668,47.269732,-0.0006289504990889538,0.050222817055501606,0.05767167080636113,0.05058054315777801,0.0003577261022764053,0.007448853750859526,-0.00709112764858312,0.0
2025-03-12,82893.13,47.150001525878906,47.052997,0.002061601429530713,-0.002154430465014279,-0.0045956130350577875,-0.0019069854180965651,0.00024744504691771385,-0.0024411825700435086,0.0026886276169612224,0.0
2025-03-13,80140.82,45.52000045776367,45.746736,-0.0049563217414314575,-0.033766850528947484,-0.02815411728204386,-0.03518224156729582,-0.0014153910383483334,0.005612733246903624,-0.007028124285251958,0.0
2025-03-14,84561.86,48.13999938964844,48.117677,0.0004639124546357287,0.05369800028628696,0.05052916988161397,0.05596161980185271,0.0022636195155657513,-0.003168830404672994,0.005432449920238745,0.0
2025-03-17,84481.92,48.060001373291016,48.026928,0.0006886422819094573,-0.0009457905633557827,-0.0018877611895071844,-0.0016631607934139815,-0.0007173702300581989,-0.0009419706261514018,0.00022460039609320287,0.0
2025-03-18,82308.47,46.810001373291016,46.606309,0.004370489267687239,-0.026063528424509746,-0.030025935372417684,-0.026353374233298647,-0.0002898458087889008,-0.003962406947907938,0.003672561139119037,0.0
2025-03-19,85469.73,48.61000061035156,48.542543,0.0013896595889415497,0.03768825962186962,0.04070467047398078,0.03773239896391941,4.4139342049789865e-05,0.0030164108521111566,-0.0029722715100613667,0.0
2025-03-20,84137.13,47.849998474121094,47.81703,0.0006894713896092863,-0.01571431040612781,-0.01505873651102157,-0.015758197603288247,-4.388719716043668e-05,0.0006555738951062404,-0.0006994610922666771,0.0
2025-03-21,83918.76,47.70000076293945,47.722296,-0.0004671870159086433,-0.0025987797618953518,-0.001983142126162931,-0.003139672121333142,-0.0005408923594377901,0.0006156376357324207,-0.0011565299951702109,0.0
2025-03-24,88292.88,50.18000030517578,50.187077,-0.00014100631571389854,0.05081028215546201,0.050358853207339536,0.050685133131064763,-0.00012514902439724612,-0.00045142894812247314,0.000326279923725227,0.0
2025-03-25,88175.6,50.13999938964844,50.038939,0.002019634941668791,-0.0013291894084086,-0.0029560809415842726,-0.0007974664626977133,0.0005317229457108868,-0.0016268915331756726,0.0021586144788865594,0.0
2025-03-26,86567.47,49.18000030517578,49.038896,0.00287739563255629,-0.018406170852883093,-0.020187703196711357,-0.01933203756387153,-0.0009258667109884357,-0.0017815323438282633,0.0008556656328398277,0.0
2025-03-27,87059.54,49.439998626708984,49.594359,-0.003112458279600161,0.005668142501885086,0.011263318284802138,0.005272742379184447,-0.00039540012270063846,0.005595175782917052,-0.005990575905617691,0.0
2025-03-28,83733.93,47.560001373291016,47.559624,7.93474084259671e-06,-0.03894798070108649,-0.04189293143630954,-0.03876768467501627,0.00018029602607021883,-0.002944950735223051,0.0031252467612932697,0.0
2025-03-31,82443.85,46.810001373291016,47.155254,-0.007321615247984581,-0.015526816134144252,-0.008538731515434774,-0.015895216047961656,-0.00036839991381740385,0.006988084618709478,-0.007356484532526882,0.0
2025-04-01,84955.25,48.29999923706055,48.318647,-0.00038593305270839817,0.030007191705201393,0.024372117934015024,0.031334660213143725,0.0013274685079423323,-0.005635073771186369,0.0069625422791287014,0.0
2025-04-02,86925.98,49.40999984741211,49.096775,0.006379743830671414,0.022932304649448593,0.015975797955525988,0.02272128490678119,-0.00021101974266740306,-0.006956506693922605,0.0067454869512552015,0.0
2025-04-03,81949.14,46.56999969482422,46.610172,-0.000861878501022928,-0.05895814098623814,-0.05197454978916256,-0.05919627932822943,-0.0002381383419912883,0.006983591197075582,-0.007221729539066871,0.0
2025-04-04,83967.63,47.709999084472656,47.792798,-0.0017324559136994155,0.0243325565003207,0.02505615811648263,0.024184449897362438,-0.00014810660295826172,0.0007236016161619313,-0.000871708219120193,0.0
2025-04-07,78071.42,44.27000045776367,44.543066,-0.006130371497919174,-0.0728073186596081,-0.0704184622290475,-0.07483374325427529,-0.0020264245946671894,0.002388856430560596,-0.004415281025227785,0.0
2025-04-08,76751.4,43.59000015258789,43.603782,-0.0003160700008112416,-0.017052421428417987,-0.021312606748225108,-0.015479487333491379,0.001572934094926608,-0.004260185319807121,0.0058331194147337295,0.0
2025-04-09,82301.16,46.83000183105469,46.725147,0.0022440770717038205,0.06981357501562038,0.06913860969180553,0.07169629254465937,0.0018827175290389853,-0.0006749653238148495,0.002557682852853835,0.0
2025-04-10,79574.75,45.16999816894531,45.187752,-0.0003928903357416358,-0.03368837088591435,-0.033456422737174515,-0.036090953165938154,-0.002402582280023803,0.0002319481487398356,-0.0026345304287636387,0.0
2025-04-11,83835.8,47.66999816894531,47.608625,0.0012891187037078478,0.0521632924250753,0.052187865635166655,0.05386912167613757,0.0017058292510622672,2.4573210091353992e-05,0.0016812560409709132,0.0
2025-04-14,84918.89,48.279998779296875,48.313074,-0.0006846018678737797,0.012836441725794763,0.014688264958159317,0.012715140139819255,-0.00012130158597550844,0.0018518232323645537,-0.001973124818340062,0.0
2025-04-15,83983.6,47.7400016784668,47.769428,-0.0006160074081942302,-0.011075023937224425,-0.01131635397234972,-0.011247714876320808,-0.00017269093909638364,-0.0002413300351252947,6.863909602891106e-05,0.0
2025-04-16,84338.62,47.959999084472656,47.78166,0.0037323752350306716,0.004218344155013645,0.0002560305763723239,0.004597655000735493,0.00037931084572184835,-0.003962313578641321,0.004341624424363169,0.0
2025-04-17,84860.31,48.2599983215332,48.189744,0.0014578687434654292,0.006166607001508949,0.008504334468406044,0.006235714347297522,6.91073457885728e-05,0.0023377274668970943,-0.0022686201211085215,0.0
2025-04-21,87416.85,49.720001220703125,49.54651,0.0035015830722109342,0.029681562998399694,0.027765606057593227,0.029804265776844602,0.00012270277844490807,-0.0019159569408064674,0.0020386597192513754,0.0
2025-04-22,91497.04,52.08000183105469,52.013375,0.0012809557359945156,0.04561856618987586,0.04858907265640569,0.04637374186475199,0.000755175674876131,0.0029705064665298334,-0.0022153307916537024,0.0
2025-04-23,93558.79,53.20000076293945,53.06645,0.0025166703809931246,0.02228338672361399,0.020044004772592695,0.02127737762975239,-0.0010060090938616012,-0.002239381951021295,0.0012333728571596939,0.0
2025-04-24,93618.4,53.2599983215332,53.137021,0.002314343544648656,0.0006369366055260602,0.0013289774754490376,0.0011271381826350184,0.0004902015771089582,0.0006920408699229774,-0.00020183929281401922,0.0
2025-04-25,95423.14,54.27000045776367,54.087318,0.0033775469836323513,0.019094161333305344,0.017725861332670758,0.018786047639043183,-0.0003081136942621604,-0.0013683000006345855,0.0010601863063724251,0.0
2025-04-28,94813.63,53.880001068115234,53.82053,0.0011049885260370207,-0.006407931396428895,-0.00494474773683043,-0.007212225144115711,-0.0008042937476868154,0.001463183659598465,-0.0022674774072852805,0.0
2025-04-29,95349.42,54.220001220703125,54.183309,0.0006771867827992661,0.00563507387782689,0.0067179160985625964,0.006290495218281349,0.0006554213404544587,0.0010828422207357063,-0.0004274208802812476,0.0
2025-04-30,94157.42,53.5099983215332,53.404402,0.0019772962074027234,-0.012580186768573098,-0.01447973196357214,-0.01318134562854474,-0.0006011588599716417,-0.001899545194999042,0.0012983863350274003,0.0
2025-05-01,96588.48,54.95000076293945,54.903308,0.0008504544560310467,0.025491417041978787,0.027680424683787577,0.026555173778014095,0.0010637567360353081,0.00218900764180879,-0.0011252509057734818,0.0
2025-05-02,96966.7,55.189998626708984,55.139593,0.0009141457882901882,0.0039081411450446035,0.004294422647615212,0.004358057834562664,0.00044991668951806056,0.00038628150257060886,6.36351869474517e-05,0.0
2025-05-05,94348.18,53.630001068115234,53.762825,-0.002470553433246203,-0.027375638843336058,-0.02528578115957519,-0.028673119657232012,-0.0012974808138959543,0.002089857683760868,-0.003387338497656822,0.0
2025-05-06,94977.68,53.970001220703125,54.010113,-0.0007426716418251766,0.006649934877269258,0.004589063610385682,0.0063197263375207435,-0.00033020853974851435,-0.0020608712668835757,0.0017306627271350614,0.0
2025-05-07,96208.29,54.68000030517578,54.687427,-0.00013580260091994312,0.012873611967351857,0.012462522452041137,0.013069658188141188,0.00019604622078933133,-0.00041108951531071934,0.0006071357361000507,0.0
2025-05-08,101335.87,57.619998931884766,57.501288,0.0020644917012078157,0.05192491672451638,0.05017351829262913,0.05237169368228013,0.00044677695776375315,-0.0017513984318872494,0.0021981753896510026,0.0
2025-05-09,103229.28,58.65999984741211,58.586292,0.0012581073984356816,0.01851208841699191,0.01869339675116216,0.017888349828927924,-0.0006237385880639851,0.00018130833417025205,-0.0008050469222342371,0.0
2025-05-12,101850.92,57.880001068115234,57.839712,0.0006965641204306205,-0.013442358212997479,-0.012825145718590026,-0.01338614073083597,5.62174821615094e-05,0.0006172124944074531,-0.0005609950122459437,0.0
2025-05-13,104836.64,59.619998931884766,59.417752,0.003403813255755006,0.028893153581783126,0.026917438354128326,0.029619150117297134,0.0007259965355140077,-0.0019757152276548007,0.0027017117631688084,0.0
2025-05-14,103302.0,58.7400016784668,58.811341,-0.0012130198074076226,-0.01474659208291847,-0.010258326482715362,-0.014870115989555566,-0.00012352390663709564,0.004488265600203108,-0.004611789506840203,0.0
2025-05-15,103179.6,58.66999816894531,58.53228,0.0023528584388872176,-0.0011855779336953755,-0.004756313529618308,-0.0011924626166030915,-6.8846829077160235e-06,-0.0035707355959229328,0.0035638509130152167,0.0
2025-05-16,104069.32,59.20000076293945,58.969287,0.003912439418496838,0.008586056476115312,0.00743835211884722,0.00899306304906878,0.00040700657295346734,-0.001147704357268092,0.0015547109302215594,0.0
2025-05-19,105556.13,59.9900016784668,59.749684,0.004022074467654013,0.014185633784012261,0.013147153049063276,0.013256354866660372,-0.0009292789173518893,-0.001038480734948985,0.00010920181759709567,0.0
2025-05-20,107086.17,60.90999984741211,60.388999,0.00862741320504612,0.014390988114010078,0.010643050495741753,0.01521945269914516,0.000828464585135082,-0.0037479376182683252,0.004576402203403407,0.0
2025-05-21,108675.07,61.790000915527344,61.132434,0.01075643275593019,0.014728583534199275,0.012235607441422422,0.014344191546387561,-0.0003843919878117139,-0.002492976092776853,0.002108584104965139,0.0
2025-05-22,111241.94,63.22999954223633,63.379844,-0.002364228882666075,0.02334504798652847,0.03610333288360271,0.02303731094121838,-0.0003077370453100914,0.012758284897074236,-0.013066021942384327,0.0
2025-05-23,108747.25,61.83000183105469,61.89184,-0.0009991328250269493,-0.022681086690819034,-0.023757547439711087,-0.02239015164604461,0.00029093504477442286,-0.0010764607488920538,0.0013673957936664767,0.0
2025-05-27,109938.56,62.5,62.386782,0.001814775443939487,0.010895282000509333,0.00796508053805171,0.010777843557538122,-0.00011743844297121102,-0.002930201462457623,0.002812763019486412,0.0
2025-05-28,106956.19,60.790000915527344,61.035339,-0.004019607140588799,-0.027502352926817814,-0.0219004017172563,-0.027741239921232203,-0.0002388869944143883,0.005601951209561515,-0.005840838203975903,0.0
2025-05-29,105744.47,59.9900016784668,60.139654,-0.002488413410778878,-0.01139378795158727,-0.014783599995158492,-0.013247407177012472,-0.0018536192254252019,-0.003389812043571222,0.0015361928181460201,0.0
2025-05-30,104651.99,59.459999084472656,59.504696,-0.0007511493803337155,-0.010385058936792004,-0.010614190494430959,-0.008874107471524971,0.0015109514652670332,-0.00022913155763895458,0.0017400830229059878,0.0
2025-06-02,104470.22,59.36000061035156,59.289372,0.0011912524617661013,-0.0017384097631407429,-0.003625168149184422,-0.0016831930312583446,5.5216731882398295e-05,-0.0018867583860436791,0.0019419751179260774,0.0
2025-06-03,106301.7,60.400001525878906,60.380852,0.00031714567192442367,0.01737922297924135,0.018241969154014933,0.01736852106233694,-1.0701916904411884e-05,0.0008627461747735821,-0.000873448091677994,0.0
2025-06-04,104961.64,59.63999938964844,59.654533,-0.00024362960567581027,-0.012686327620443904,-0.012101895861001168,-0.012662650541056702,2.36770793872014e-05,0.000584431759442736,-0.0005607546800555346,0.0
2025-06-05,101908.77,57.869998931884766,58.111379,-0.004153748754013087,-0.029516948779008678,-0.026208642290080943,-0.030127382534010184,-0.0006104337550015063,0.0033083064889277355,-0.003918740243929242,0.0
2025-06-06,104304.24,59.2599983215332,59.31339,-0.0009001623152342653,0.023234011851241045,0.020473584865556223,0.02373541669304787,0.0005014048418068261,-0.002760426985684822,0.003261831827491648,0.0
2025-06-09,108679.24,61.77000045776367,61.699354,0.0011450113037434484,0.04108877838076052,0.039438379314051066,0.04148330329693872,0.000394524916178203,-0.0016503990667094542,0.0020449239828876573,0.0
2025-06-10,109533.92,62.290000915527344,62.35977,-0.0011188156157833085,0.007833481450006652,0.0106468950807442,0.00838309684529182,0.000549615395285169,0.002813413630737548,-0.002263798235452379,0.0
2025-06-11,108768.9,61.84000015258789,61.799008,0.0006633140873053556,-0.0070088250047397205,-0.009033043366189222,-0.007250507217247023,-0.00024168221250730256,-0.0020242183614495018,0.0017825361489421992,0.0
2025-06-12,106828.55,60.70000076293945,61.087108,-0.006336971084971776,-0.01800023507268249,-0.01158646700395416,-0.01860669611215772,-0.0006064610394752312,0.006413768068728329,-0.00702022910820356,0.0
2025-06-13,105153.75,59.7400016784668,59.748457,-0.00014151531198880463,-0.0158016480484118,-0.02215747934053895,-0.01594186975031136,-0.0001402217018995587,-0.006355831292127148,0.0062156095902275894,0.0
2025-06-16,108699.51,61.79999923706055,61.712564,0.0014168142010846374,0.03316372144644064,0.03234417444110269,0.03390151123418624,0.0007377897877456005,-0.0008195470053379492,0.0015573367930835497,0.0
2025-06-17,104705.02,59.5,59.626142,-0.0021155485793462603,-0.03744022305637333,-0.034393438586567786,-0.037927039566762306,-0.00048681651038897517,0.0030467844698055455,-0.0035336009801945206,0.0
2025-06-18,103818.67,58.970001220703125,59.095269,-0.0021197598626190306,-0.00850124355770612,-0.008943231618522469,-0.008947451838762365,-0.000446208281056246,-0.0004419880608163493,-4.220220239896724e-06,0.0
2025-06-20,103326.33,58.66999816894531,58.639513,0.0005198741835614751,-0.004753587362477436,-0.007742117813811208,-0.005100368984439773,-0.00034678162196233667,-0.002988530451333772,0.0026417488293714354,0.0
2025-06-23,103243.85,58.66999816894531,58.49365,0.0030148258647786363,-0.0007985664182814712,-0.002490551294975822,0.0,0.0007985664182814712,-0.001691984876694351,0.002490551294975822,0.0
2025-06-24,105710.77,60.060001373291016,59.934394,0.002095747782000057,0.02361311393064914,0.024332329316803188,0.02341559369212048,-0.00019752023852865827,0.0007192153861540485,-0.0009167356246827067,0.0
2025-06-25,107836.0,61.275001525878906,61.202409,0.0011861056952660043,0.01990477465481421,0.02093602083427192,0.020027868895818174,0.000123094241003964,0.0010312461794577087,-0.0009081519384537447,0.0
2025-06-26,107584.79,61.13999938964844,61.088217,0.0008476657560398948,-0.0023322736294059732,-0.0018675516991698167,-0.0022056478364839006,0.00012662579292207262,0.0004647219302361565,-0.0003380961373140839,0.0
2025-06-27,106851.43,60.720001220703125,60.695402,0.00040528969069386633,-0.006839915935390532,-0.006451054181346812,-0.00689315328865581,-5.323735326527839e-05,0.0003888617540437197,-0.0004420991073089981,0.0
2025-06-30,107751.68,61.209999084472656,61.043657,0.0027249691884063676,0.008389955586495471,0.005721351106828918,0.008037406714644429,-0.00035254887185104215,-0.0026686044796665536,0.0023160556078155115,0.0
2025-07-01,105403.99,59.84000015258789,59.976275,-0.0022721459012269296,-0.022028829331414368,-0.017640229357348703,-0.022636223689672105,-0.0006073943582577367,0.004388599974065665,-0.0049959943323234016,0.0
2025-07-02,109755.27,62.41999816894531,62.203365,0.003482659964542334,0.040452577847451314,0.03646003060260602,0.04221137129205672,0.0017587934446054027,-0.003992547244845296,0.0057513406894506985,0.0
2025-07-03,109316.08,62.189998626708984,62.370063,-0.0028870320892736556,-0.004009566640191928,0.002676302678275684,-0.0036915144745960486,0.00031805216559587955,0.006685869318467612,-0.006367817152871732,0.0
2025-07-07,108058.12,61.400001525878906,61.434142,-0.0005557247649213837,-0.011574271862903423,-0.015119661396826271,-0.012784333029069336,-0.0012100611661659127,-0.003545389533922848,0.0023353283677569354,0.0
2025-07-08,108781.37,61.81999969482422,61.863098,-0.0006966722742495213,0.006670857619805883,0.006958107588891243,0.0068170717629038625,0.0001462141430979792,0.00028724996908535954,-0.00014103582598738035,0.0
2025-07-09,111792.0,63.58000183105469,62.788665,0.012603179746769388,0.027299913667706836,0.01485071672204798,0.028072052514432243,0.0007721388467254071,-0.012449196945658856,0.013221335792384263,0.0
2025-07-10,113399.95,64.5,64.438215,0.0009588254423249509,0.014280948566352055,0.02593229418625241,0.014366239519846096,8.529095349404069e-05,0.011651345619900355,-0.011566054666406315,0.0
2025-07-11,118191.06,67.20999908447266,66.960973,0.003718973505248524,0.04138151721735015,0.03840309940006977,0.041156808558255875,-0.00022470865909427623,-0.0029784178172803794,0.002753709158186103,0.0
2025-07-14,119945.25,68.18000030517578,68.053159,0.0018638562417916393,0.01473292107454869,0.016179192629766803,0.014329238825805208,-0.00040368224874348137,0.0014462715552181135,-0.0018499538039615949,0.0
2025-07-15,116410.21,66.16000366210938,66.297337,-0.002071475931086364,-0.029915142441091853,-0.026139419296107042,-0.030075165118035267,-0.00016002267694341377,0.0037757231449848105,-0.003935745821928224,0.0
2025-07-16,119304.15,67.83000183105469,67.721398,0.001603685603990268,0.024555868524732277,0.021252470406752526,0.024928495884996963,0.0003726273602646865,-0.00330339811797975,0.0036760254782444365,0.0
2025-07-17,119032.03,67.6500015258789,67.936944,-0.004223658840484368,-0.002283498193554862,0.0031777799759202066,-0.0026572247804626044,-0.00037372658690774246,0.0054612781694750685,-0.005835004756382811,0.0
2025-07-18,117426.36,66.68000030517578,66.768167,-0.0013204899697819572,-0.013581202851679408,-0.017353555811051125,-0.014442314712972283,-0.000861111861292875,-0.003772352959371717,0.002911241098078842,0.0
2025-07-21,116782.87,66.33000183105469,66.505002,-0.0026313835603721802,-0.005495015027299256,-0.0039492621660617,-0.005262751316623702,0.00023226371067555478,0.0015457528612375562,-0.0013134891505620014,0.0
2025-07-22,119326.44,67.81999969482422,67.887842,-0.0009993292344715465,0.02154653202152688,0.020579798216359704,0.022214821055011238,0.0006682890334843566,-0.0009667338051671769,0.0016350228386515335,0.0
2025-07-23,118458.67,67.29000091552734,67.246319,0.000649580767793978,-0.007298807333726057,-0.009494680170149603,-0.007845481391778795,-0.0005466740580527376,-0.0021958728364235456,0.001649198778370808,0.0
2025-07-24,119030.64,67.66000366210938,67.691925,-0.0004715678848049576,0.004816815593845936,0.006604615661247718,0.005483566671812976,0.0006667510779670401,0.001787800067401782,-0.001121048989434742,0.0
2025-07-25,116721.63,66.36000061035156,66.305741,0.0008183244698458658,-0.019589069799528295,-0.02069041189074778,-0.01940074295791047,0.0001883268416178266,-0.001101342091219485,0.0012896689328373116,0.0
2025-07-28,118066.31,67.0999984741211,66.984204,0.0017286832895870852,0.011454546622338316,0.010180345706001041,0.01108954671743855,-0.00036499990489976576,-0.0012742009163372748,0.000909201011437509,0.0
2025-07-29,117483.28,66.70999908447266,66.758711,-0.0007296713012830969,-0.0049503901973387944,-0.003372039762507562,-0.0058291682398303275,-0.0008787780424915331,0.0015783504348312323,-0.0024571284773227653,0.0
2025-07-30,116900.01,66.37000274658203,66.104936,0.004009787507880391,-0.0049770715653520495,-0.009841371833518684,-0.005109664456717293,-0.00013259289136524372,-0.004864300268166635,0.004731707376801391,0.0
2025-07-31,116757.77,66.31999969482422,66.51318,-0.0029043913578600256,-0.0012175072242017631,0.006156704707528391,-0.0007536823152423355,0.00046382490895942763,0.007374211931730153,-0.006910387022770726,0.0
2025-08-01,113247.92,64.22000122070312,64.441577,-0.0034383978420774453,-0.030522049048454576,-0.03164109312566408,-0.032176798555961124,-0.0016547495075065477,-0.0011190440772095023,-0.0005357054302970454,0.0
2025-08-04,114746.95,65.19999694824219,65.224924,-0.00038217065239987136,0.013149871318153504,0.012082635437984513,0.015144714456991145,0.0019948431388376407,-0.0010672358801689912,0.003062079019006632,0.0
2025-08-05,113602.75,64.55000305175781,64.512997,0.0005736216495695334,-0.010021555326188489,-0.01097495844620308,-0.010019257556428959,2.2977697595304852e-06,-0.0009534031200145905,0.000955700889774121,0.0
2025-08-06,115295.57,65.51000213623047,65.509414,8.977888742212059e-06,0.014791291287254545,0.01532715012605366,0.014762670782935661,-2.8620504318883563e-05,0.0005358588387991154,-0.000564479343117999,0.0
2025-08-07,117525.79,66.83000183105469,66.372429,0.0068940196697440115,0.01915879383386822,0.013087886844056987,0.019949273568660254,0.000790479734792033,-0.006070906989811234,0.006861386724603267,0.0
2025-08-08,116467.8,66.12999725341797,66.172957,-0.0006492039728862586,-0.009042958909776208,-0.0030098693980932564,-0.01052964876817346,-0.001486689858397252,0.006033089511682951,-0.007519779370080203,0.0
2025-08-11,119068.36,67.63999938964844,67.769195,-0.0019064061532907406,0.0220829420057569,0.02383586571466182,0.022577054853351246,0.0004941128475943468,0.0017529237089049209,-0.001258810861310574,0.0
2025-08-12,119655.97,67.94999694824219,67.953084,-4.542916341832015e-05,0.00492292668063651,0.0027097852154952624,0.004572580678487265,-0.00035034600214924484,-0.0022131414651412476,0.0018627954629920028,0.0
2025-08-13,122804.64,69.83999633789062,69.444038,0.005701833437315562,0.025974091377225964,0.021703693702363566,0.0274347634103071,0.0014606720330811382,-0.004270397674862397,0.0057310697079435355,0.0
2025-08-14,117997.18,67.02999877929688,67.146128,-0.0017294998857287913,-0.039934074140482084,-0.033649960227178394,-0.04106659693707334,-0.0011325227965912552,0.0062841139133036905,-0.007416636709894946,0.0
2025-08-15,116997.52,66.44000244140625,66.510552,-0.0010607273052515298,-0.008507987883102048,-0.009510647590152946,-0.008840940667447103,-0.0003329527843450551,-0.0010026597070508982,0.0006697069227058431,0.0
2025-08-18,116365.53,66.05000305175781,66.078678,-0.00043395160299941615,-0.00541638057152755,-0.00651448880639313,-0.005887244319038539,-0.00047086374751098906,-0.0010981082348655797,0.0006272444873545906,0.0
2025-08-19,113105.4,64.19000244140625,64.235518,-0.0007085730762496079,-0.02841623007998982,-0.028289825368784317,-0.028564603814340055,-0.00014837373435023365,0.0001264047112055043,-0.00027477844555573797,0.0
2025-08-20,114279.3,64.9000015258789,64.706956,0.0029833813520590002,0.010325324697155665,0.007312409729314975,0.011000173863530083,0.0006748491663744176,-0.0030129149678406898,0.0036877641342151074,0.0
2025-08-21,112160.29,63.689998626708984,63.74278,-0.0008280368896841361,-0.01871644316259858,-0.015012784597106693,-0.018820104400114692,-0.00010366123751611236,0.0037036585654918863,-0.0038073198030079986,0.0
2025-08-22,116648.95,66.25,66.271017,-0.00031713712798464577,0.039239988266080536,0.0388967295701757,0.039407922045170914,0.0001679337790903776,-0.0003432586959048328,0.0005111924749952104,0.0
2025-08-25,110693.42,62.880001068115234,63.382681,-0.007930872029297098,-0.05240459912079311,-0.04456199851456822,-0.05220729975881521,0.00019729936197789705,0.007842600606224888,-0.007645301244246991,0.0
2025-08-26,111125.26,63.099998474121094,62.972605,0.0020229983200010793,0.00389363551863207,-0.006490863227551638,0.003492580257734653,-0.00040105526089741694,-0.010384498746183708,0.00998344348528629,0.0
2025-08-27,112078.96,63.650001525878906,63.584326,0.0010328886065240628,0.008545589360465762,0.009667202881446901,0.008678603611124167,0.0001330142506584045,0.001121613520981139,-0.0009885992703227344,0.0
2025-08-28,111905.45,63.58000183105469,63.719077,-0.0021826299986315023,-0.0015493045672865654,0.002117006256718803,-0.001100364694494674,0.00044893987279189147,0.0036663108240053686,-0.003217370951213477,0.0
2025-08-29,108213.98,61.439998626708984,61.56523,-0.0020341249970318165,-0.03354375509033519,-0.03438673656222139,-0.03423791779420597,-0.0006941627038707793,-0.0008429814718861964,0.0001488187680154171,0.0
2025-09-02,110809.89,62.970001220703125,62.813348,0.002493947953596143,0.02370546701583889,0.02007033553302209,0.024597375398447772,0.0008919083826088824,-0.0036351314828168,0.004527039865425683,0.0
2025-09-03,112240.18,63.77000045776367,63.562482,0.003264794753667255,0.01282500924171201,0.011855791963121516,0.012624425619412398,-0.00020058362229961185,-0.0009692172785904941,0.0007686336562908822,0.0
2025-09-04,109808.31,62.349998474121094,62.418441,-0.0010965112999042903,-0.021904830227541854,-0.01816263006140986,-0.022519219852286877,-0.000614389624745023,0.0037422001661319947,-0.004356589790877018,0.0
2025-09-05,111630.22,63.41999816894531,63.205528,0.0033932185321718933,0.016455592549358404,0.012531005120620517,0.01701559258507194,0.0005600000357135343,-0.003924587428737887,0.004484587464451422,0.0
2025-09-08,112107.76,63.70000076293945,63.691876,0.0001275635677531195,0.004268749768396035,0.007665253440867273,0.0044053343168691805,0.00013658454847314573,0.003396503672471238,-0.003259919123998092,0.0
2025-09-09,111305.71,63.220001220703125,63.173677,0.0007332835906184165,-0.00717999183865442,-0.008169307896256101,-0.007563848458905146,-0.0003838566202507259,-0.0009893160576016809,0.000605459437350955,0.0
2025-09-10,113610.0,64.52999877929688,64.378594,0.0023517876034520047,0.0204909708309917,0.018893475325006424,0.02050948693463296,1.851610364126191e-05,-0.0015974955059852754,0.0016160116096265373,0.0
2025-09-11,114464.0,65.02999877929688,64.929001,0.0015555110619502877,0.007488832494793988,0.00851319405021411,0.007718470078759007,0.00022963758396501912,0.0010243615554201228,-0.0007947239714551036,0.0
2025-09-12,116793.73,66.37999725341797,66.177707,0.0030567733846984524,0.020149024369766493,0.01904927336138419,0.020547081805501716,0.0003980574357352225,-0.0010997510083823048,0.0014978084441175273,0.0
2025-09-15,115327.01,65.5,65.45613,0.0006702198862047481,-0.012637729149386986,-0.01096350671127772,-0.013345622273971423,-0.0007078931245844376,0.0016742224381092654,-0.002382115562693703,0.0
2025-09-16,116866.13,66.37000274658203,66.19646,0.0026216318301919284,0.01325743338371283,0.011246839940871644,0.013195045899510751,-6.238748420207829e-05,-0.0020105934428411854,0.001948205958639107,0.0
2025-09-17,115699.28,65.66999816894531,65.668863,1.728625856234345e-05,-0.010034680490924297,-0.008002100981860442,-0.010603016220502288,-0.0005683357295779914,0.002032579509063855,-0.0026009152386418464,0.0
2025-09-18,117503.13,66.75,66.726983,0.00034494291462272564,0.01547056033751747,0.01598452763380794,0.016312124960144125,0.0008415646226266546,0.0005139672962904684,0.00032759732633618616,0.0
2025-09-19,115166.0,65.37000274658203,65.45621,-0.001317021767957005,-0.020090405716444187,-0.019228044400931007,-0.02089081763978104,-0.0008004119233368523,0.0008623613155131805,-0.0016627732388500328,0.0
2025-09-22,112192.0,63.650001525878906,63.821788,-0.0026916587501605305,-0.026162876512079384,-0.02528673269045455,-0.026664130664202604,-0.0005012541521232199,0.0008761438216248335,-0.0013773979737480534,0.0
2025-09-23,111679.02,63.40999984741211,63.445519,-0.0005598370562290844,-0.004582825394841305,-0.005913067624403634,-0.0037777736708045147,0.0008050517240367904,-0.001330242229562329,0.0021352939535991193,0.0
2025-09-24,113477.89,64.41999816894531,64.448578,-0.00044345169345216817,0.015979152279087045,0.01568609639750882,0.01580254017378276,-0.00017661210530428573,-0.000293055881578224,0.00011644377627393829,0.0
2025-09-25,109391.38,62.099998474121094,62.263912,-0.0026325606697970017,-0.036675922718145855,-0.03448566920725699,-0.036678151111239586,-2.228393093731129e-06,0.002190253510888862,-0.0021924819039825932,0.0
2025-09-26,109218.56,61.939998626708984,62.090641,-0.002426168756914815,-0.0015810812262383577,-0.002786727272189558,-0.0025798119943684925,-0.0009987307681301348,-0.0012056460459512002,0.00020691527782106542,0.0
2025-09-29,114325.41,64.97000122070312,64.779793,0.0029362276706121904,0.045697843566278144,0.04239844926025026,0.047759491307413894,0.0020616477411357498,-0.0032993943060278877,0.0053610420471636375,0.0
2025-09-30,114378.49,65.0,64.749604,0.0038671433419112944,0.0004641809864463241,-0.00046613357655976155,0.00046162621447790644,-2.5547719684176733e-06,-0.0009303145630060857,0.000927759791037668,0.0
2025-10-01,117501.25,66.73999786376953,66.690741,0.0007385862419722056,0.026935935034144383,0.029538542962768515,0.0264171714193424,-0.0005187636148019821,0.0026026079286241323,-0.0031213715434261144,0.0
2025-10-02,120932.04,68.7699966430664,68.610048,0.0023312714059957607,0.028779763092610062,0.028372868615428086,0.029963113202839575,0.0011833501102295127,-0.0004068944771819759,0.0015902445874114886,0.0
2025-10-03,122778.0,69.80999755859375,69.678689,0.0018844866411558137,0.015149111650637271,0.01545552147728343,0.015009676492333883,-0.000139435158303388,0.0003064098266461583,-0.00044584498494954633,0.0
2025-10-06,125474.93,71.29000091552734,71.319521,-0.00041391310623983824,0.021728131092038905,0.02327555897743902,0.020978846961680942,-0.0007492841303579634,0.0015474278854001149,-0.0022967120157580782,0.0
2025-10-07,121695.48,69.12999725341797,68.973965,0.002262190573181666,-0.030584118866479767,-0.03344096220973385,-0.030767327745342774,-0.00018320887886300735,-0.002856843343254086,0.002673634464391079,0.0
2025-10-08,123467.99,70.05999755859375,70.09935,-0.0005613809743778564,0.01446007339471817,0.016184406975637153,0.013363232695486137,-0.0010968406992320334,0.0017243335809189828,-0.002821174280151016,0.0
2025-10-09,121040.0,68.73999786376953,68.674224,0.0009577663923736601,-0.019860862708923906,-0.0205395892117184,-0.019020742577253325,0.0008401201316705804,-0.0006787265027944946,0.001518846634465075,0.0
2025-10-10,116670.01,66.19999694824219,66.261657,-0.0009305540270115875,-0.0367715469325018,-0.035762528212836285,-0.03765082350082299,-0.000879276568321187,0.001009018719665515,-0.001888295287986702,0.0
2025-10-13,115899.11,65.80999755859375,65.606381,0.0031036090619562806,-0.006629451265026259,-0.009938441544140591,-0.005908651473674294,0.0007207997913519651,-0.003308990279114332,0.004029790070466297,0.0
2025-10-14,112664.75,63.90999984741211,64.142429,-0.0036236412654079286,-0.028303476446685686,-0.02256689872925437,-0.029295924095579424,-0.0009924476488937378,0.005736577717431315,-0.006729025366325053,0.0
2025-10-15,111318.21,63.16999816894531,63.20268,-0.0005170956525053505,-0.012023738077509767,-0.0147593585146686,-0.011646365350182108,0.000377372727327659,-0.002735620437158833,0.003112993164486492,0.0
2025-10-16,108246.33,61.43000030517578,61.370632,0.0009673732083415043,-0.027983393452806874,-0.02941529077775534,-0.027931155780766673,5.223767204020138e-05,-0.0014318973249484654,0.0014841349969886668,0.0
2025-10-17,106484.0,60.470001220703125,60.497738,-0.00045847630364082015,-0.016414724184243452,-0.014325438631199401,-0.01575092567165581,0.0006637985125876426,0.0020892855530440513,-0.0014254870404564086,0.0
2025-10-20,110840.0,62.93000030517578,62.906541,0.00037292314603321053,0.04009298087345114,0.03904417285273202,0.0398756079162479,-0.00021737295720324068,-0.0010488080207191192,0.0008314350635158785,0.0
2025-10-21,111841.0,63.4900016784668,63.524121,-0.0005371081251671628,0.008990499795527167,0.009769543277664838,0.008859437230779019,-0.00013106256474814879,0.0007790434821376702,-0.000910106046885819,0.0
2025-10-22,107846.83,61.209999084472656,61.356244,-0.0023835376156229326,-0.0363662400621241,-0.03472274936933487,-0.03657187971324419,-0.00020563965112008892,0.0016434906927892262,-0.0018491303439093151,0.0
2025-10-23,110247.6,62.560001373291016,62.663938,-0.0016586354133854009,0.022016765654350078,0.021089187991502688,0.021815558282812935,-0.0002012073715371432,-0.0009275776628473904,0.0007263702913102472,0.0
2025-10-24,110624.14,62.83000183105469,62.848383,-0.00029246844656782844,0.0034095839040456277,0.0029390761210164188,0.00430657736921713,0.000896993465171502,-0.00047050778302920896,0.001367501248200711,0.0
2025-10-27,114950.0,65.27999877929688,65.265631,0.0002201431147870192,0.038358921922614156,0.03774036628784777,0.03825299639849974,-0.0001059255241144183,-0.0006185556347663851,0.0005126301106519668,0.0
2025-10-28,113687.51,64.48999786376953,64.783264,-0.004526881143723682,-0.01104370697043563,-0.007418274674071727,-0.012175552059057402,-0.0011318450886217725,0.0036254322963639026,-0.004757277384985675,0.0
2025-10-29,110644.31,62.75,62.913527,-0.0025992343427193587,-0.027132902471064674,-0.029286102166312243,-0.027351561885404347,-0.0002186594143396732,-0.0021531996952475693,0.0019345402809078961,0.0
2025-10-30,106491.99,60.400001525878906,60.599284,-0.003288528526526613,-0.03825087071432525,-0.03747811840517312,-0.0381694478082285,8.142290609675085e-05,0.0007727523091521291,-0.0006913294030553782,0.0
2025-10-31,109756.29,62.29999923706055,62.219461,0.0012944219664734469,0.0301925913325344,0.026384750798631895,0.030972283343523525,0.0007796920109891248,-0.0038078405339025054,0.00458753254489163,0.0
2025-11-03,106632.31,60.529998779296875,60.555774,-0.00042564431103009337,-0.028875800893570055,-0.027103003962614836,-0.02882232381050357,5.347708306648394e-05,0.0017727969309552193,-0.0017193198478887353,0.0
2025-11-04,100680.87,57.18000030517578,56.977635,0.0035516620718951675,-0.05743075002297872,-0.06090600224310052,-0.056934897505411794,0.0004958525175669248,-0.003475252220121801,0.003971104737688726,0.0
2025-11-05,103841.98,58.91999816894531,59.039038,-0.002016290154570055,0.030914509101251163,0.03554006370466017,0.029976368286192826,-0.0009381408150583373,0.004625554603409004,-0.005563695418467341,0.0
2025-11-06,100860.0,57.2599983215332,57.369405,-0.0019070561820677678,-0.02913690392202267,-0.028687738835714845,-0.02857829016057413,0.0005586137614485391,0.00044916508630782337,0.00010944867514071574,0.0
2025-11-07,103749.09,58.880001068115234,58.671778,0.0035489476408101517,0.02824197133942488,0.022447680289067167,0.027899222204273228,-0.0003427491351516536,-0.0057942910503577146,0.005451541915206061,0.0
2025-11-10,105985.94,60.189998626708984,60.174558,0.0002565972600743205,0.02133105581696621,0.025290810824238185,0.02200471018258141,0.0006736543656151971,0.0039597550072719735,-0.0032861006416567765,0.0
2025-11-11,102771.54,58.349998474121094,58.390261,-0.0006895418035365308,-0.03079797736248381,-0.030100526170178502,-0.03104687016163393,-0.00024889279915011817,0.0006974511923053088,-0.000946343991455427,0.0
2025-11-12,101519.99,57.59000015258789,57.631928,-0.0007275107543185388,-0.012252741539117106,-0.013072392542115556,-0.013110388413975747,-0.0008576468748586405,-0.0008196510029984498,-3.799587186019068e-05,0.0
2025-11-13,98090.0,55.59000015258789,55.790855,-0.003600139259599233,-0.03437030032714508,-0.03246675261969919,-0.03534561245787799,-0.0009753121307329096,0.001903547707445892,-0.0028788598381788016,0.0
2025-11-14,94287.01,53.474998474121094,53.849329,-0.006951442716749634,-0.039541996281250186,-0.03542002408089356,-0.03878910527622428,0.0007528910050259088,0.004121972200356629,-0.00336908119533072,0.0
2025-11-17,91787.28,52.099998474121094,51.989128,0.002132570373580611,-0.026869702360646053,-0.035155323187507824,-0.02604930696221619,0.0008203953984298636,-0.00828562082686177,0.009106016225291634,0.0
2025-11-18,92748.97,52.65999984741211,52.73714,-0.0014627291617992366,0.010422870370260488,0.014285331366286878,0.010691231698740318,0.0002683613284798301,0.0038624609960263897,-0.0035940996675465596,0.0
2025-11-19,89413.61,50.72999954223633,50.50653,0.004424567323004114,-0.036623688575551504,-0.04321731631242393,-0.03733870861548944,-0.0007150200399379386,-0.006593627736872429,0.00587860769693449,0.0
2025-11-20,86333.83,48.959999084472656,49.102386,-0.002899796265039889,-0.03505138181840372,-0.02819500652811174,-0.03551382305049466,-0.0004624412320909377,0.006856375290291979,-0.007318816522382917,0.0
2025-11-21,84487.2,47.970001220703125,47.659255,0.006520165300593295,-0.021621482311592218,-0.029830788332913943,-0.02042777854338217,0.0011937037682100485,-0.008209306021321725,0.009403009789531774,0.0
2025-11-24,89072.01,50.56999969482422,50.381019,0.0037510296253480124,0.05284510011083115,0.05553765700862471,0.05278266809598003,-6.243201485112149e-05,0.0026925568977935604,-0.002754988912644682,0.0
2025-11-25,87343.65,49.560001373291016,49.409921,0.0030374542248512437,-0.01959480582266452,-0.019463263010431435,-0.020174424586565164,-0.0005796187639006446,0.00013154281223308473,-0.0007111615761337294,0.0
2025-11-26,89856.06,51.029998779296875,50.982199,0.0009375778258775558,0.02835871881090347,0.03132529859052031,0.029229586683989117,0.0008708678730856463,0.002966579779616837,-0.0020957119065311905,0.0
2025-11-28,90673.19,51.54999923706055,51.688522,-0.002679952097284777,0.009052666871017183,0.013759212680468518,0.010138524508383755,0.0010858576373665718,0.004706545809451335,-0.0036206881720847635,0.0
2025-12-01,85511.18,48.5,48.471307,0.0005919584549267665,-0.058614595940869686,-0.06426373063393882,-0.060988397719541884,-0.002373801778672198,-0.005649134693069137,0.003275332914396939,0.0
2025-12-02,91070.79,51.66999816894531,51.785332,-0.0022271524889457828,0.062989988559721,0.06613492851639886,0.06331350891817318,0.0003235203584521784,0.0031449399566778613,-0.002821419598225683,0.0
2025-12-03,92991.75,52.7400016784668,52.803604,-0.001204507206235439,0.020873663352921054,0.01947250281532803,0.0204969058888383,-0.00037675746408275326,-0.0014011605375930242,0.001024403073510271,0.0
2025-12-04,92523.07,52.5099983215332,52.295243,0.004106593816443294,-0.005052760713473309,-0.009674035047348293,-0.004370617065389321,0.000682143648083988,-0.004621274333874984,0.005303417981958972,0.0
2025-12-05,89321.7,50.689998626708984,50.769517,-0.0015662621586692849,-0.03521355934514293,-0.029609295489353118,-0.03527497029275359,-6.14109476106614e-05,0.005604263855789809,-0.00566567480340047,0.0
2025-12-08,90813.85,51.52000045776367,51.35477,0.0032174315601778414,0.01656734753262985,0.011461708556758883,0.016241465288956442,-0.0003258822436734074,-0.0051056389758709665,0.004779756732197559,0.0
2025-12-09,93136.46,52.849998474121094,52.905253,-0.001044405285783423,0.02525392251618402,0.029744810522797996,0.025487592763102803,0.00023367024691878235,0.004490888006613975,-0.004257217759695193,0.0
2025-12-10,92498.32,52.4900016784668,53.00717,-0.009756572960473164,-0.006875247339814705,0.0019245529196808017,-0.006834976203270445,4.027113654425998e-05,0.008799800259495507,-0.008759529122951247,0.0
2025-12-11,91808.02,52.099998474121094,51.827697,0.005253975960403778,-0.007490824546413381,-0.022502489932300942,-0.0074577877692770115,3.303677713636932e-05,-0.015011665385887562,0.015044702163023931,0.0
2025-12-12,90220.0,51.20000076293945,51.127811,0.001411947070048658,-0.01744852566462009,-0.013596101752218457,-0.017425372525194608,2.3153139425483027e-05,0.003852423912401634,-0.003829270772976151,0.0
2025-12-15,85757.01,48.65999984741211,48.700003,-0.000821419920403188,-0.050733300004353166,-0.04864950404636301,-0.0508822127270438,-0.00014891272269063754,0.002083795957990159,-0.0022327086806807964,0.0
2025-12-16,87552.02,49.709999084472656,49.687643,0.00044993248065017255,0.02071529901978027,0.02007717870764575,0.02134876746963399,0.0006334684498537184,-0.0006381203121345221,0.0012715887619882404,0.0
2025-12-17,85857.38,48.709999084472656,48.760495,-0.001035590707751055,-0.01954558345636921,-0.018835814072547974,-0.02032177266623232,-0.0007761892098631096,0.0007097693838212377,-0.0014859585936843472,0.0
2025-12-18,84558.65,47.959999084472656,48.18082,-0.004583170554742333,-0.015242171100037177,-0.011959439773217515,-0.015517017953061995,-0.0002748468530248179,0.003282731326819662,-0.00355757817984448,0.0
2025-12-19,88021.73,49.90999984741211,49.879959,0.0006022628729929203,0.04013833937447424,0.03465828228669814,0.03985406935433791,-0.0002842700201363263,-0.005480057087776095,0.005195787067639769,0.0
2025-12-22,88294.02,50.09000015258789,49.98423,0.002116070460381092,0.0030886658335091553,0.0020882568403417703,0.0036000099915428864,0.000511344158033731,-0.001000408993167385,0.001511753151201116,0.0
2025-12-23,87613.32,49.650001525878906,49.791445,-0.0028407184029525245,-0.007739340469546146,-0.003864373554194466,-0.008822969191911745,-0.0010836287223655993,0.00387496691535168,-0.00495859563771728,0.0
2025-12-24,87257.34,49.459999084472656,49.659431,-0.004015992763335197,-0.004071357559072542,-0.0026548600243464153,-0.0038341776410780997,0.0002371799179944423,0.0014164975347261267,-0.0011793176167316844,0.0
2025-12-26,87507.92,49.61000061035156,49.642706,-0.0006588156102617093,0.002867619934476963,-0.00033685075998206716,0.003028195033141837,0.00016057509866487405,-0.0032044706944590303,0.003365045793123904,4.336808689942018e-19
2025-12-29,87076.36,49.380001068115234,49.46963,-0.0018117970941923245,-0.004943868703523583,-0.0034925254093067545,-0.004646933068395648,0.00029693563512793453,0.0014513432942168283,-0.0011544076590888938,0.0
2025-12-30,87836.94,49.83000183105469,49.911866,-0.0016401744816616493,0.008696706239268282,0.008899824148489877,0.009071743491786476,0.0003750372525181938,0.00020311790922159477,0.00017191934329659903,0.0
2025-12-31,87523.98,49.650001525878906,49.524144,0.0025413367241422513,-0.0035693281292300903,-0.007798461844423106,-0.0036188278154545344,-4.949968622444418e-05,-0.004229133715193015,0.004179634028968571,0.0
2026-01-02,89693.1,50.939998626708984,50.951671,-0.00022908715380531852,0.024481030069468935,0.028417247755252745,0.02565002136843117,0.0011689912989622346,0.0039362176857838105,-0.002767226386821576,0.0
2026-01-05,94194.02,53.459999084472656,53.515595,-0.0010388731644923599,0.04896285458486616,0.04909555076196013,0.048285250992988714,-0.0006776035918774487,0.00013269617709396608,-0.0008102997689714148,0.0
2026-01-06,92447.52,52.45000076293945,52.444544,0.00010404824836407478,-0.01871556545161212,-0.020216800199936033,-0.0190733441969686,-0.00035777874535648096,-0.0015012347483239138,0.0011434560029674329,0.0
2026-01-07,90930.07,51.540000915527344,51.573216,-0.0006440374878436961,-0.016550382601883937,-0.016753838595891923,-0.017502126400687535,-0.0009517437988035976,-0.00020345599400798525,-0.0007482878047956124,0.0
2026-01-08,90847.09,51.52000045776367,51.419723,0.0019501749895400877,-0.0009129860513164901,-0.0029806531424396007,-0.0003881323063894229,0.0005248537449270671,-0.0020676670911231104,0.002592520836050178,-4.336808689942018e-19
2026-01-09,90195.99,51.15999984741211,51.213275,-0.0010402606079750187,-0.007192794191552011,-0.004023039031636947,-0.0070121169531829905,0.00018067723836902045,0.0031697551599150636,-0.002989077921546043,0.0
2026-01-12,91409.51,51.869998931884766,51.956583,-0.001666469638991419,0.013364551869918275,0.014409651732613767,0.013782594043071158,0.00041804217315288307,0.0010450998626954922,-0.0006270576895426091,0.0
2026-01-13,94411.91,53.56999969482422,53.503506,0.0012427913569668103,0.032317709260010284,0.029338756949802754,0.032248636424951724,-6.907283505856038e-05,-0.00297895231020753,0.0029098794751489694,0.0
2026-01-14,97676.01,55.439998626708984,55.32275,0.0021193564439401236,0.033988750854786864,0.033437031869631366,0.03431212591478356,0.00032337505999669586,-0.0005517189851554985,0.0008750940451521944,0.0
2026-01-15,95225.99,54.0,54.074448,-0.0013767685617428471,-0.025403072562178493,-0.022822452592061126,-0.026317283546611645,-0.0009142109844331517,0.0025806199701173677,-0.0034948309545505193,0.0
2026-01-16,95536.0,54.2400016784668,53.905936,0.006197196510358438,0.0032502310645022904,-0.0031211620214048764,0.004434628013049543,0.0011843969485472523,-0.006371393085907166,0.007555790034454419,-8.673617379884035e-19
2026-01-20,89592.06,50.7599983215332,50.775767,-0.0003105551998219269,-0.06423643982181645,-0.05982138850969362,-0.06631006479785932,-0.0020736249760428677,0.004415051312122838,-0.006488676288165705,0.0
2026-01-21,90136.01,51.11000061035156,50.949495,0.0031502885426355487,0.006053051822501556,0.003415634729958151,0.006871574942644141,0.0008185231201425849,-0.0026374170925434048,0.0034559402126859897,0.0
2026-01-22,89312.0,50.66999816894531,50.801794,-0.002594314505009132,-0.009183894451410119,-0.0029031790199894234,-0.008646201371150823,0.0005376930802592963,0.006280715431420695,-0.005743022351161399,0.0
2026-01-23,89395.04,50.70000076293945,50.8098,-0.002160985421327144,0.0009293423020900277,0.00015758044336095347,0.0005919422942949497,-0.000337400007795078,-0.0007717618587290742,0.0004343618509339962,0.0
2026-01-26,87528.0,49.650001525878906,49.768199,-0.0023749598437567965,-0.021106457481512773,-0.020713043606856867,-0.02092750442136461,0.00017895306014816328,0.00039341387465590544,-0.00021446081450774215,0.0
2026-01-27,89297.98,50.630001068115234,50.397893,0.004605511347770541,0.020020125071380738,0.012573162889878987,0.019545885854418365,-0.000474239216962373,-0.007446962181501751,0.006972722964539378,0.0
2026-01-28,88997.89,50.5099983215332,50.639823,-0.002563687445487295,-0.00336620565993419,0.0047889139212579646,-0.002373003828731902,0.000993201831202288,0.008155119581192154,-0.0071619177499898665,8.673617379884035e-19
2026-01-29,84043.29,47.599998474121094,47.575547,0.000513950456966672,-0.05728063835064965,-0.06241937181772027,-0.05933857406848041,-0.002057935717830757,-0.005138733467070618,0.003080797749239861,0.0
2026-01-30,83738.0,47.4900016784668,47.508699,-0.00039355574719490694,-0.0036391463782726044,-0.001406079636232063,-0.0023135312764806172,0.0013256151017919872,0.0022330667420405416,-0.0009074516402485541,-2.168404344971009e-19
2026-02-02,77941.95,44.220001220703125,44.371761,-0.003420188333225549,-0.07172855801385267,-0.06830957753292519,-0.07134199487008715,0.0003865631437655198,0.0034189804809274804,-0.0030324173371619606,0.0
2026-02-03,76370.3,43.29999923706055,42.876046,0.009887880917483605,-0.02037044170650836,-0.034289951892299324,-0.021024585645931307,-0.0006541439394229485,-0.013919510185790965,0.013265366246368017,0.0
2026-02-04,73337.99,41.56999969482422,41.67874,-0.0026090113370936807,-0.04051512146843992,-0.028322135028101696,-0.04077387146529965,-0.00025874999685972927,0.012192986440338224,-0.012451736437197953,0.0
2026-02-05,63620.01,36.099998474121094,36.226252,-0.0034851390610022293,-0.14215071216395078,-0.1402071172856326,-0.141085922852575,0.001064789311375769,0.0019435948783181889,-0.00087880556694242,0.0
2026-02-06,69963.99,39.68000030517578,39.934175,-0.006364841512920272,0.09505263760989514,0.09744842420954689,0.09455446703687331,-0.0004981705730218305,0.002395786599651742,-0.0028939571726735724,0.0
2026-02-09,70707.99,40.11000061035156,40.10423,0.00014389031659645113,0.010577898132757476,0.004249341447741299,0.010778404891309845,0.00020050675855236982,-0.0063285566850161765,0.006529063443568546,0.0
2026-02-10,68708.94,38.970001220703125,39.017444,-0.001215937653344823,-0.028679257480548236,-0.02747298685339635,-0.02883354432411084,-0.0001542868435626052,0.0012062706271518848,-0.00136055747071449,0.0
2026-02-11,67517.41,38.290000915527344,38.232916,0.0014930829635735332,-0.017493831219128893,-0.02031200820404861,-0.017603361275239038,-0.00010953005611014435,-0.0028181769849197173,0.002708646928809573,0.0
2026-02-12,65362.5,37.04999923706055,37.159842,-0.0029559534440284363,-0.032436791032987994,-0.028468157923228623,-0.03292045824961628,-0.0004836672166282849,0.003968633109759371,-0.004452300326387656,0.0
2026-02-13,68729.57,38.970001220703125,39.007962,-0.0009731546420413961,0.0502308292342056,0.04853711708638728,0.05052381952485523,0.0002929902906496362,-0.00169371214781832,0.0019867024384679563,0.0
2026-02-17,67712.49,38.38999938964844,38.358841,0.0008122870461191312,-0.014908875447667749,-0.01678074334478511,-0.014995157560799088,-8.628211313133939e-05,-0.0018718678971173623,0.001785585783986023,0.0
2026-02-18,66221.41,37.540000915527344,37.587148,-0.0012543405653617778,-0.02226682874754459,-0.020322852339087972,-0.0223899375675829,-0.00012310882003830834,0.0019439764084566193,-0.0020670852284949276,0.0
2026-02-19,67125.14,38.06999969482422,37.977345,0.002439735974808732,0.013554813934691469,0.010327614272019866,0.014019506831819899,0.00046469289712842976,-0.0032271996626716034,0.003691892559800033,0.0
2026-02-20,67733.36,38.41999816894531,38.366922,0.0013833835548577866,0.00902018224899331,0.010205884392733029,0.009151547303285011,0.00013136505429170095,0.0011857021437397183,-0.0010543370894480174,0.0
2026-02-23,64463.59,36.54999923706055,36.386068,0.004505329816361092,-0.04947825244715378,-0.05300972799659692,-0.049896944359585145,-0.0004186919124313654,-0.003531475549443143,0.0031127836370117776,0.0
2026-02-24,64474.97,36.529998779296875,36.543966,-0.0003822031988296448,0.00017651818090041866,0.004330129524300721,-0.0005473579311959104,-0.000723876112096329,0.004153611343400303,-0.0048774874554966315,0.0
2026-02-25,69177.78,39.22999954223633,39.128423,0.0025959784332818536,0.070402626323968,0.06833305020346209,0.07130794116201156,0.0009053148380435555,-0.0020695761205059143,0.00297489095854947,0.0
2026-02-26,67434.87,38.2599983215332,38.309296,-0.0012868333176052626,-0.0255174696099878,-0.021156551710603533,-0.025036828410656305,0.00048064119933149616,0.004360917899384267,-0.003880276700052771,0.0
2026-02-27,65590.47,37.189998626708984,37.172044,0.00048301424341867794,-0.027731832178200664,-0.030135608759643405,-0.028365049131463864,-0.0006332169532632,-0.002403776581442741,0.001770559628179541,0.0
2026-03-02,69128.01,39.19499969482422,39.165201,0.0007608462120292092,0.052529592191817354,0.05223164955827665,0.052509308843969475,-2.0283347847878386e-05,-0.0002979426335407015,0.0002776592856928231,0.0
2026-03-03,68264.6,38.70000076293945,38.748283,-0.0012460484264695815,-0.012568672596777193,-0.010702177799080939,-0.012709560104662176,-0.00014088750788498333,0.0018664947976962543,-0.0020073823055812377,0.0
2026-03-04,73077.92,41.439998626708984,41.65502,-0.0051619558288776846,0.06813493854376697,0.07233544442096107,0.06840694506203138,0.0002720065182644088,0.004200505877194102,-0.0039284993589296935,0.0
2026-03-05,71233.32,40.38999938964844,40.337885,0.0012919465075682535,-0.025565582666572755,-0.032130787760116276,-0.02566435034809613,-9.876768152337553e-05,-0.006565205093543521,0.006466437412020146,0.0
2026-03-06,68102.86,38.599998474121094,38.562211,0.0009799094279396847,-0.04494147714193032,-0.0450182944909454,-0.0453299775236262,-0.00038850038169587625,-7.681734901508058e-05,-0.00031168303268079567,0.0
2026-03-09,69012.12,39.130001068115234,39.038485,0.0023442525527113123,0.013262932009378317,0.012275147129313439,0.013637226578659373,0.0003742945692810553,-0.0009877848800648788,0.0013620794493459341,0.0
2026-03-10,70055.27,39.709999084472656,39.692197,0.00044850337895518955,0.015002360584256382,0.01660666481700074,0.014713558568922874,-0.00028880201533350823,0.0016043042327443593,-0.0018931062480778676,0.0
2026-03-11,70670.11,40.06999969482422,40.021347,0.0012156685986661753,0.008738209301511854,0.00825836750363085,0.009024894944161749,0.00028668564264989517,-0.00047984179788100427,0.0007665274405308994,0.0
2026-03-12,70462.0,39.95000076293945,39.784263,0.004165912610708755,-0.002949153822422319,-0.005941554671723515,-0.0029992257223452586,-5.007189992293961e-05,-0.0029924008493011963,0.0029423289493782567,0.0
2026-03-13,71190.64,40.369998931884766,40.334326,0.0008844310894091656,0.010287791692579313,0.013731436107664625,0.010458217097064465,0.00017042540448515206,0.0034436444150853125,-0.0032732190106001605,0.0
2026-03-16,73969.53,41.939998626708984,41.988747,-0.001160986616033366,0.03829190255026117,0.04019878561664805,0.03815308432288468,-0.00013881822737649152,0.0019068830663868802,-0.0020457012937633717,0.0
2026-03-17,74542.28,42.27000045776367,42.333556,-0.0015013041247073922,0.007713229534969864,0.008178403806500907,0.007837632678624373,0.0001244031436545088,0.00046517427153104293,-0.00034077112787653414,0.0
2026-03-18,71065.73,40.2599983215332,40.364371,-0.0025857625396118467,-0.04776125776314125,-0.04763256770048992,-0.04871924688725116,-0.0009579891241099092,0.00012869006265133626,-0.0010866791867612455,0.0
2026-03-19,70265.41,39.81999969482422,39.844565,-0.0006165283816195188,-0.011325579835452852,-0.012961480433116302,-0.010989087548795897,0.0003364922866569541,-0.0016359005976634509,0.001972392884320405,0.0
2026-03-20,70169.39,39.77000045776367,39.60653,0.00412736126501545,-0.0013674675360076131,-0.005992005829572279,-0.0012564202422931153,0.00011104729371449779,-0.004624538293564666,0.004735585587279163,0.0
2026-03-23,70660.88,40.04999923706055,40.202605,-0.0037959172779836736,0.00697991980585296,0.014937790864516515,0.007015783734818647,3.5863928965687054e-05,0.007957871058663555,-0.007922007129697869,0.0
2026-03-24,69334.0,39.279998779296875,39.366516,-0.002197736286927765,-0.018956689486947384,-0.021016187257653196,-0.019413202055392664,-0.0004565125684452796,-0.002059497770705812,0.0016029852022605325,0.0
2026-03-25,70859.88,40.16999816894531,40.178098,-0.00020159817059250962,0.02176899958419425,0.02040641401993084,0.022404950379247692,0.0006359507950534429,-0.0013625855642634098,0.0019985363593168527,0.0
2026-03-26,68479.59,38.81999969482422,38.814473,0.0001423874755228649,-0.03416866128975963,-0.0345288287426112,-0.03418483290898764,-1.617161922801147e-05,-0.00036016745285157026,0.0003439958336235588,0.0
2026-03-27,65975.02,37.400001525878906,37.319675,0.002152390820094441,-0.03725955913155826,-0.03927252506625853,-0.03726482466017458,-5.265528616314741e-06,-0.002012965934700267,0.0020077004060839523,0.0
2026-03-30,66488.0,37.68000030517578,37.609668,0.001870059187328632,0.0077452947162526846,0.007740477529857874,0.007458712587920634,-0.00028658212833205035,-4.8171863948108865e-06,-0.00028176494193723946,0.0
2026-03-31,67772.92,38.41999816894531,38.446332,-0.0006849504148974672,0.019141224880694814,0.02200214977834824,0.01944865187420886,0.00030742699351404487,0.0028609248976534246,-0.0025534979041393797,0.0
2026-04-01,68162.03,38.63999938964844,38.626041,0.00036137251675461,0.005724959809989383,0.004663391528915891,0.00570988386695332,-1.5075943036063112e-05,-0.0010615682810734915,0.0010464923380374283,0.0
2026-04-02,66976.06,37.970001220703125,37.971361,-3.581065468993838e-05,-0.017552422834934283,-0.0170944686222718,-0.017491587155611495,6.083567932278766e-05,0.0004579542126624814,-0.0003971185333396937,0.0
2026-04-06,69732.99,39.52000045776367,39.541801,-0.0005513290160032991,0.04033827788589813,0.04052614782772101,0.04001047806989817,-0.0003277998159999587,0.00018786994182287686,-0.0005156697578228356,0.0
2026-04-07,68993.62,39.099998474121094,38.88702,0.005476852536427268,-0.01065948343826761,-0.01669784666688418,-0.010684456496472447,-2.49730582048361e-05,-0.006038363228616568,0.006013390170411732,0.0
2026-04-08,71331.51,40.41999816894531,40.375795,0.0010947937729848256,0.03332412872529107,0.037569952901842625,0.03320223870848084,-0.00012189001681023326,0.004245824176551553,-0.004367714193361787,0.0
2026-04-09,72136.37,40.90999984741211,40.809414,0.0024647706877660713,0.011220190105453812,0.01068231833749581,0.012049861536699694,0.0008296714312458816,-0.0005378717679580015,0.0013675431992038831,0.0
2026-04-10,73286.01,41.560001373291016,41.43527,0.0030102705567265353,0.015811375810184148,0.015219660421075906,0.015763671063138165,-4.770474704598321e-05,-0.0005917153891082418,0.0005440106420622585,0.0
2026-04-13,73373.2,41.59000015258789,41.311325,0.006745732619030997,0.001189015136139317,-0.002995775057501715,0.0007215581490784085,-0.00046745698706090837,-0.004184790193641032,0.003717333206580124,-4.336808689942018e-19
2026-04-14,74299.83,42.130001068115234,42.091824,0.0009069948623570134,0.012549917368387837,0.0187168421001955,0.012900343920086585,0.00035042655169874835,0.006166924731807662,-0.005816498180108914,0.0
2026-04-15,75048.06,42.560001373291016,42.422219,0.003247882278176295,0.010020044612096074,0.007818740446717912,0.01015477595679774,0.00013473134470166556,-0.002201304165378162,0.0023360355100798275,0.0
2026-04-16,75378.0,42.72999954223633,42.555024,0.004111748174230323,0.004386746938678187,0.0031256629053693975,0.003986361642435019,-0.00040038529624316765,-0.0012610840333087893,0.0008606987370656217,0.0
2026-04-17,77453.07,43.939998626708984,43.826264,0.002595124848172814,0.027156749303394675,0.029435351471748042,0.02792379675968589,0.0007670474562912165,0.002278602168353367,-0.0015115547120621506,0.0
2026-04-20,76337.42,43.25,43.251255,-2.9016499058842626e-05,-0.014508953982757016,-0.013207022078610544,-0.015827802324797115,-0.0013188483420400986,0.0013019319041464722,-0.0026207802461865708,0.0
2026-04-21,75030.96,42.5099983215332,42.765516,-0.0059748531612898725,-0.017262422213142642,-0.011294173396206992,-0.017257930491236393,4.4917219062488856e-06,0.00596824881693565,-0.005963757095029401,0.0
2026-04-22,78878.3,44.75,44.724857,0.0005621706068283938,0.05000532998016947,0.04479735517100774,0.0513521418342125,0.001346811854043034,-0.005207974809161728,0.006554786663204762,0.0
2026-04-23,77743.16,44.04999923706055,44.075624,-0.0005813817392454901,-0.014495585425147757,-0.014622546203256944,-0.015766109658527427,-0.00127052423337967,-0.00012696077810918707,-0.001143563455270483,0.0
2026-04-24,77659.72,44.02000045776367,43.997877,0.0005028301198184426,-0.0010738540755270765,-0.0017655031152851454,-0.0006812485650284267,0.00039260551049864984,-0.0006916490397580689,0.0010842545502567189,0.0
2026-04-27,76886.0,43.560001373291016,43.500489,0.0013680851562614116,-0.010012913516065414,-0.011369203343427559,-0.010504756906125666,-0.000491843390060252,-0.0013562898273621442,0.0008644464373018922,0.0
2026-04-28,76308.13,43.27000045776367,43.17282,0.0022509638648500196,-0.007544319627277386,-0.007561048835772021,-0.006679764775150549,0.000864554852126837,-1.67292084946348e-05,0.0008812840606214718,0.0
2026-04-29,75526.0,42.75,42.754035,-9.437705704273824e-05,-0.010302517860111927,-0.009747553681386216,-0.01209036943326315,-0.0017878515731512227,0.0005549641787257111,-0.002342815751876934,0.0
2026-04-30,76375.39,43.31999969482422,43.303839,0.00037319312091965706,0.011183556027829757,0.012777714692810289,0.01324521970533503,0.002061663677505274,0.0015941586649805325,0.00046750501252474166,0.0
2026-05-01,78374.85,44.470001220703125,44.436213,0.0007603757931200494,0.02584256121395464,0.02581345353231887,0.026200416884536937,0.0003578556705822987,-2.91076816357691e-05,0.0003869633522180678,0.0
2026-05-04,80052.2,45.400001525878906,45.336084,0.0014098598784779703,0.021175836812657927,0.02004852657905237,0.020697306684328128,-0.0004785301283297995,-0.001127310233605558,0.0006487801052757584,0.0
2026-05-05,81611.95,46.279998779296875,46.218043,0.0013405106593733507,0.019296775437999188,0.019266991274110648,0.01919773729203409,-9.903814596509686e-05,-2.9784163888539605e-05,-6.925398207655725e-05,0.0
2026-05-06,81457.38,46.189998626708984,46.100759,0.0019357517890103981,-0.0018957586480845127,-0.0025408488965864237,-0.0019465812378389696,-5.082258975445692e-05,-0.000645090248501911,0.000594267658747454,0.0
2026-05-07,80142.85,45.400001525878906,45.378167,0.0004811680885856706,-0.01626927133740861,-0.015798327782684127,-0.01725115605419517,-0.0009818847167865595,0.00047094355472448307,-0.0014528282715110426,0.0
2026-05-08,80149.99,45.45000076293945,45.369995,0.0017634069155054721,8.908694867118869e-05,-0.00018010282174278825,0.0011006987528650988,0.0010116118041939102,-0.00026918977041397694,0.0012808015746078871,0.0
2026-05-11,81956.0,46.470001220703125,46.416677,0.001148815989199914,0.022282763595462163,0.022807829289558643,0.022194131955680013,-8.863163978214961e-05,0.0005250656940964799,-0.0006136973338786295,0.0
2026-05-12,80820.63,45.79999923706055,45.760528,0.0008625607873349317,-0.013950263164783918,-0.014236927293930463,-0.014522894903441733,-0.0005726317386578143,-0.00028666412914654486,-0.0002859676095112694,0.0
2026-05-13,79612.0,45.119998931884766,45.045743,0.001648456145673105,-0.015067419463194698,-0.01574340088265015,-0.014958490945035971,0.00010892851815872719,-0.0006759814194554504,0.0007849099376141776,0.0
2026-05-14,81439.17,46.16999816894531,46.187362,-0.00037594333823798287,0.022691525941241387,0.025027726298713488,0.02300461334288936,0.0003130874016479719,0.0023362003574721006,-0.0020231129558241287,0.0
2026-05-15,79089.14,44.81999969482422,44.818517,3.308219288511438e-05,-0.029280790414211944,-0.030084830964396975,-0.029675735296064664,-0.00039494488185272056,-0.0008040405501850319,0.0004090956683323113,0.0
2026-05-18,76859.05,43.529998779296875,43.445671,0.001940993828749349,-0.028602345859003675,-0.031110164930996716,-0.029204134042456406,-0.0006017881834527311,-0.0025078190719930414,0.0019060308885403103,0.0
2026-05-19,76758.13,43.5,43.527365,-0.0006286849663424965,-0.001313915728941353,0.0018786057790585668,-0.0006893894267664219,0.000624526302174931,0.0031925215079999197,-0.0025679952058249886,0.0
2026-05-20,77598.0,43.9900016784668,43.893525,0.0021979706224732887,0.010882344465103744,0.008376994131290066,0.011201435421633562,0.0003190909565298182,-0.002505350333813678,0.0028244412903434962,0.0
2026-05-21,77613.34,44.0,43.920606,0.0018076708686578513,0.00019766597015329873,0.0006167800227622691,0.0002272604019889973,2.9594431835698576e-05,0.0004191140526089704,-0.0003895196207732718,0.0
2026-05-22,75769.44,42.959999084472656,43.059434,-0.002309248085503146,-0.024044274503256215,-0.01980224752007104,-0.02392020502881001,0.0001240694744462055,0.004242026983185175,-0.00411795750873897,0.0
2026-05-26,75919.93,42.9900016784668,42.955014,0.0008145190795840751,0.0019841871500057063,-0.002427965387779116,0.0006981406619295767,-0.0012860464880761297,-0.004412152537784823,0.0031261060497086925,4.336808689942018e-19
2026-05-27,74920.54,42.45000076293945,42.430754,0.00045360407546501946,-0.01325114703995177,-0.012279952510663146,-0.012640638821363728,0.0006105082185880427,0.000971194529288625,-0.00036068631070058227,0.0
2026-05-28,73318.39,41.560001373291016,41.575147,-0.0003642952052337334,-0.021616621045617145,-0.02037086865032683,-0.021188731455415007,0.0004278895902021379,0.0012457523952903136,-0.0008178628050881757,0.0
2026-05-29,73404.1,41.630001068115234,41.584829,0.0010862631686001656,0.001168328178583193,0.00023285240110570564,0.0016828875896257962,0.0005145594110426031,-0.0009354757774774874,0.0014500351885200905,0.0
2026-06-01,71488.84,40.4900016784668,40.467954,0.0005448182150942227,-0.026438438769563446,-0.02722501161016442,-0.0277660153662988,-0.0013275765967353526,-0.0007865728406009735,-0.000541003756134379,0.0
2026-06-02,67213.59,38.04999923706055,37.952984,0.002556195240420278,-0.06166589437571826,-0.0641622711158937,-0.06215400724120561,-0.00048811286548734734,-0.0024963767401754433,0.002008263874688096,0.0
2026-06-03,65356.01,37.0,37.21085,-0.005666358064919219,-0.028026057049092282,-0.01974774510718707,-0.02798315161249899,4.29054365932921e-05,0.008278311941905214,-0.008235406505311921,0.0
2026-06-04,63541.28,36.02000045776367,36.105868,-0.00237821570267549,-0.028159628747555936,-0.030144984813596794,-0.02684356018781727,0.0013160685597386652,-0.0019853560660408574,0.0033014246257795227,0.0
2026-06-05,60264.11,34.13999938964844,33.805916,0.009882394242724635,-0.052953037605417315,-0.06581958384683617,-0.05360465296801447,-0.0006516153625971549,-0.012866546241418857,0.012214930878821702,0.0
2026-06-08,63352.53,35.88999938964844,35.944629,-0.0015198267966978207,0.049978107004682075,0.061343854299443015,0.0499889886649496,1.0881660267525461e-05,0.01136574729476094,-0.011354865634493415,0.0
2026-06-09,62044.83,35.13999938964844,35.024115,0.0033087028651097583,-0.020857654552397804,-0.02594284682043918,-0.02111862276353094,-0.0002609682111331356,-0.005085192268041376,0.0048242240569082405,0.0
2026-06-10,61882.0,35.08000183105469,35.01677,0.0018057585281190391,-0.002627842472895218,-0.00020973464361347786,-0.0017088456892887284,0.0009189967836064894,0.00241810782928174,-0.0014991110456752505,-2.168404344971009e-19
2026-06-11,63548.0,36.04999923706055,36.020593,0.0008163729303554135,0.026566180054655716,0.028263713094092483,0.027275622867066147,0.0007094428124104317,0.0016975330394367674,-0.0009880902270263357,0.0
2026-06-12,63552.05,36.040000915527344,36.059466,-0.0005398051228118206,6.372932192196662e-05,0.001078606324911865,-0.00027738442436250427,-0.0003411137462844709,0.0010148770029898982,-0.0013559907492743692,0.0
2026-06-15,66577.42,37.7400016784668,37.754702,-0.00038936399321087833,0.04650622584087638,0.04594061521665795,0.04609112627165489,-0.0004150995692214915,-0.0005656106242184281,0.00015051105499693657,0.0
2026-06-16,65622.49,37.16999816894531,37.165386,0.00012409850782435505,-0.014447008459294117,-0.01573217999064292,-0.015218649367348847,-0.0007716409080547292,-0.0012851715313488034,0.0005135306232940742,0.0
2026-06-17,64241.65,36.36000061035156,36.621629,-0.0071440948093389744,-0.021266718321120575,-0.014738822093719465,-0.022032648951907742,-0.000765930630787167,0.00652789622740111,-0.007293826858188277,0.0
2026-06-18,62872.8,35.619998931884766,35.535416,0.0023802431885071584,-0.021538116492066137,-0.03010918916726133,-0.0205620382205,0.0009760782715661359,-0.008571072675195194,0.00954715094676133,0.0
2026-06-22,64408.02,36.5,36.432545,0.00185150392320943,0.02412452176996889,0.02493263560755585,0.02440501271332138,0.00028049094335249117,0.0008081138375869608,-0.0005276228942344696,0.0
2026-06-23,62310.83,35.310001373291016,35.271758,0.001084249140375082,-0.03310291255634727,-0.032379881519971364,-0.03314601175574097,-4.309919939370077e-05,0.0007230310363759082,-0.000766130235769609,0.0
2026-06-24,59858.28,33.869998931884766,33.797949,0.0021317841471613086,-0.04015547866197913,-0.042682466891428496,-0.041636613538756743,-0.0014811348767776109,-0.002526988229449363,0.0010458533526717523,0.0
2026-06-25,59220.01,33.52000045776367,33.545607,-0.0007633351883101769,-0.010720276764435202,-0.0074942042271894495,-0.010387346023631772,0.0003329307408034294,0.003226072537245752,-0.002893141796442323,0.0
2026-06-26,59655.5,33.849998474121094,33.879923,-0.0008832524760727933,0.0073268572844511284,0.009916681106721725,0.009796665010303154,0.0024698077258520253,0.002589823822270597,-0.00012001609641857161,0.0
2026-06-29,60332.0,34.18000030517578,34.134169,0.0013426811467354138,0.011276294086252699,0.007476309005484809,0.00970173233531497,-0.001574561750937729,-0.0037999850807678894,0.0022254233298301604,0.0
2026-06-30,58716.53,33.290000915527344,33.194778,0.002868611307698554,-0.02714135435131484,-0.02790633166490339,-0.026383607527429007,0.0007577468238858347,-0.0007649773135885475,0.0015227241374743822,0.0
2026-07-01,59971.68,34.0,34.067302,-0.0019755600252698846,0.021151162240345998,0.025945464239468974,0.021103445527655928,-4.7716712690069885e-05,0.004794301999122976,-0.004842018711813046,0.0
2026-07-02,61424.29,34.869998931884766,34.853762,0.0004658588041304146,0.023932908733843412,0.02282304109655213,0.025266305440046176,0.0013333967062027635,-0.0011098676372912827,0.0024432643434940463,0.0
2026-07-06,63692.7,36.119998931884766,36.103059,0.0004692104313035461,0.03626459679616308,0.0352165188603764,0.03521986892127997,-0.0010447278748831126,-0.0010480779357866857,3.3500609035730378e-06,0.0
2026-07-07,63776.81,36.150001525878906,36.051727,0.0027259311566103506,0.0013196883271460152,-0.0014228303209133587,0.0008302918369367993,-0.0004893964902092159,-0.0027425186480593737,0.002253122157850158,0.0
2026-07-08,62223.7,35.22999954223633,35.196011,0.0009656930223236326,-0.02465368854124087,-0.02402201595128292,-0.025779011454853888,-0.0011253229136130166,0.0006316725899579503,-0.001756995503570967,0.0
2026-07-09,63193.84,35.810001373291016,35.794715,0.0004270567118922486,0.015470871937083972,0.016867504491803843,0.016329243000142265,0.0008583710630582931,0.0013966325547198708,-0.0005382614916615777,0.0
2026-07-10,63878.41,36.22999954223633,36.177762,0.0014439130379686471,0.010774604569471,0.010644363863550214,0.011660269912338622,0.0008856653428676222,-0.00013024070592078558,0.0010159060487884078,0.0
2026-07-13,62210.67,35.220001220703125,35.132997,0.002476424675729172,-0.02645490417589765,-0.029303846335832814,-0.028273354544618726,-0.0018184503687210772,-0.002848942159935166,0.0010304917912140887,0.0
2026-07-14,64542.41,36.58000183105469,36.556242,0.0006499527783707659,0.03679599866880741,0.03971117703004553,0.03788755529145533,0.0010915566226479198,0.00291517836123812,-0.0018236217385902004,0.0
2026-07-15,64941.86,36.810001373291016,36.735701,0.0020225658220327514,0.006169880977338984,0.004897110140578557,0.006267891679593745,9.801070225476122e-05,-0.001272770836760427,0.0013707815390151881,0.0
2026-07-16,64217.54,36.38999938964844,36.352152,0.0010411320256484835,-0.01121602598380199,-0.010495657080953362,-0.011475589846921336,-0.00025956386311934594,0.0007203689028486282,-0.0009799327659679741,0.0
2026-07-17,64113.2,36.349998474121094,36.298235,0.0014260603613673872,-0.0016261111405052877,-0.0014842869288155206,-0.0010998328494444222,0.0005262782910608655,0.0001418242116897671,0.00038445407937109845,0.0
2026-07-20,65099.39,36.88999938964844,36.862406,0.0007485509667610746,0.015264908007485412,0.015423106622031476,0.014746333061291604,-0.0005185749461938081,0.00015819861454606336,-0.0006767735607398715,0.0
2026-07-21,66424.0,37.66999816894531,37.590374,0.00211820635105453,0.020143257988799314,0.019555782860044873,0.020923478032771087,0.0007802200439717723,-0.0005874751287544416,0.001367695172726214,0.0
2026-07-22,65894.99,37.34000015258789,37.287739,0.0014015639990370143,-0.007996022620470743,-0.008083447506197971,-0.008798830896156318,-0.0008028082756855754,-8.742488572722855e-05,-0.0007153833899583469,0.0
2026-07-23,64778.48,36.650001525878906,36.680904,-0.0008424676262366315,-0.017088964903468784,-0.0164082668070444,-0.018651672233559107,-0.0015627073300903231,0.0006806980964243828,-0.002243405426514706,0.0
2026-07-24,64163.76,36.349998474121094,36.331203,0.0005173369602182731,-0.00953488410337656,-0.009579333853462877,-0.008219307964347307,0.0013155761390292522,-4.4449750086317935e-05,0.0013600258891155702,0.0
2026-07-27,64915.15,36.77000045776367,36.750806,0.0005222867156620126,0.011642467191144302,0.011483198576604582,0.011488145760443685,-0.00015432143070061646,-0.00015926861453972006,4.9471838391036e-06,0.0
2026-07-28,63825.78,36.13999938964844,36.075312,0.0017931207261199233,-0.0169238485541163,-0.018551404119948697,-0.017282039487009886,-0.0003581909328935866,-0.0016275555658323976,0.001269364632938811,0.0
2026-07-29,63515.6,36.0,36.221468,-0.0061142745512137164,-0.004871638951215892,0.004043228456632298,-0.0038813298194398612,0.0009903091317760306,0.00891486740784819,-0.00792455827607216,1.734723475976807e-18
2026-07-30,64741.54,36.70000076293945,36.676753,0.0006338555362153109,0.019117490654478014,0.012491139386606004,0.019257837392955328,0.00014034673847731355,-0.00662635126787201,0.006766698006349324,0.0
2026-07-31,62903.64,35.63999938964844,35.655971,-0.0004479364859132362,-0.028799004006351308,-0.028226498797848228,-0.029308190371921637,-0.0005091863655703292,0.0005725052085030803,-0.0010816915740734095,0.0
2026-08-03,63813.48,36.15999984741211,36.177981,-0.0004970192390750805,0.014360421633261114,0.014534051781682397,0.01448494582703422,0.00012452419377310606,0.00017363014842128321,-4.910595464817716e-05,0.0
2026-08-04,64197.18,36.38999938964844,36.398592,-0.0002360698554373375,0.0059948311979156725,0.006079418477615923,0.006340463547382528,0.00034563234946685586,8.458727970025049e-05,0.00026104506976660537,0.0
2026-08-05,64794.63,36.7400016784668,36.721561,0.0005021757780612202,0.00926344505639038,0.008833983166101404,0.009572130620415314,0.0003086855640249339,-0.000429461890288977,0.0007381474543139109,0.0
2026-08-06,64390.13,36.4900016784668,36.455557,0.0009448402740575013,-0.006262369058824264,-0.007270173489071283,-0.006827829025626661,-0.0005654599668023967,-0.0010078044302470187,0.000442344463444622,0.0
2026-08-07,64914.79,36.79999923706055,36.740252,0.0016262065121532832,0.008115126312273735,0.007779036519808652,0.008459527996485524,0.00034440168421178904,-0.0003360897924650826,0.0006804914766768717,0.0
2026-08-10,63977.9,36.22999954223633,36.190473,0.0010921808686039647,-0.014537775581787392,-0.015077031373655838,-0.015610332170783276,-0.0010725565889958839,-0.0005392557918684465,-0.0005333007971274374,0.0
2026-08-11,63468.75,35.939998626708984,35.854481,0.002385130793246759,-0.007990052444923717,-0.009327355137903911,-0.008036649127296283,-4.659668237256588e-05,-0.0013373026929801943,0.0012907060106076285,0.0
2026-08-12,63344.07,35.88999938964844,35.853953,0.0010053672365901711,-0.001966363340454253,-1.4726301232959171e-05,-0.0013921549914127714,0.0005742083490414816,0.0019516370392212937,-0.0013774286901798122,0.0
2026-08-13,63339.67,35.880001068115234,35.871517,0.00023651266589141962,-6.94643211792364e-05,0.0004897562985946029,-0.0002786211936494733,-0.0002091568724702369,0.0005592206197738393,-0.0007683774922440762,0.0
2026-08-14,62892.03,35.630001068115234,35.58338,0.0013101922334313176,-0.007092384502904365,-0.008064907343338765,-0.006992057363974017,0.00010032713893034801,-0.0009725228404344,0.001072849979364748,0.0
2026-08-17,64262.0,36.41999816894531,36.416943,8.389416281606721e-05,0.021549030147799502,0.023155458464312793,0.021930014427665883,0.00038098427986638095,0.0016064283165132913,-0.0012254440366469103,0.0
2026-08-18,64610.51,36.599998474121094,36.624301,-0.0006635628589582998,0.005408614289936468,0.005677848451385265,0.004930174693254616,-0.00047843959668185214,0.0002692341614487972,-0.0007476737581306493,0.0
2026-08-19,68418.55,38.779998779296875,38.687934,0.002379676808197617,0.0572668956373026,0.054815786644719644,0.0578564196202198,0.0005895239829172005,-0.0024511089925829538,0.0030406329755001543,0.0
2026-08-20,72669.36,41.20000076293945,41.094155,0.0025756889985801834,0.060275850963142856,0.060338128801289144,0.06053365653656958,0.0002578055734267226,6.227783814628796e-05,0.00019552773528043466,0.0
2026-08-21,77003.92,43.68000030517578,43.663984,0.000366808149613318,0.05793649199446757,0.06065770025444297,0.05845206354984624,0.0005155715553786661,0.002721208259975398,-0.002205636704596732,0.0
2026-08-24,78746.35,44.63999938964844,44.642899,-6.495121097671586e-05,0.022375597776466426,0.022171660189379223,0.021739965977030793,-0.0006356317994356334,-0.00020393758708720303,-0.00043169421234843033,0.0
2026-08-25,78928.78,44.720001220703125,44.719826,3.918188391960342e-06,0.0023139994418040102,0.0017216802420055733,0.0017905517431195744,-0.0005234476986844358,-0.0005923191997984369,6.887150111400107e-05,0.0
2026-08-26,78475.06,44.459999084472656,44.415028,0.001012519556953917,-0.0057650595646094515,-0.0068390573235916656,-0.005830968199532499,-6.590863492304724e-05,-0.001073997758982214,0.0010080891240591668,0.0
2026-08-27,79910.05,45.290000915527344,45.361386,-0.001573697163324339,0.018120759787662272,0.021083333869123515,0.018496389839009007,0.0003756300513467342,0.002962574081461243,-0.002586944030114509,0.0
2026-08-28,77559.99,43.900001525878906,43.940983,-0.0009326480957673189,-0.029849925648089234,-0.031813776386446294,-0.031171922943714694,-0.00132199729562546,-0.001963850738357059,0.0006418534427315992,0.0
2026-08-31,78893.63,44.66999816894531,44.762109,-0.0020577857726652438,0.017048788042839772,0.01851456217438015,0.01738773953413711,0.0003389514912973367,0.0014657741315403788,-0.0011268226402430422,0.0
