session_date,open_utc,close_utc,xnas_close_utc,btc_candle_start,btc_close_at_xnas,matched,ibit_close,r_btc_sync,r_ibit,tracking_diff,abs_tracking_diff
2024-01-11,2024-01-11 14:30:00+00:00,2024-01-11 21:00:00+00:00,2024-01-11 21:00:00+00:00,2024-01-11 20:00:00+00:00,46289.15,True,26.6299991607666,,,,
2024-01-12,2024-01-12 14:30:00+00:00,2024-01-12 21:00:00+00:00,2024-01-12 21:00:00+00:00,2024-01-12 20:00:00+00:00,43648.18,True,24.969999313354492,-0.057053758818211175,-0.06233570783801412,-0.005281949019802945,0.005281949019802945
2024-01-16,2024-01-16 14:30:00+00:00,2024-01-16 21:00:00+00:00,2024-01-16 21:00:00+00:00,2024-01-16 20:00:00+00:00,43170.0,True,24.719999313354492,-0.010955325055935883,-0.010012014692619364,0.0009433103633165185,0.0009433103633165185
2024-01-17,2024-01-17 14:30:00+00:00,2024-01-17 21:00:00+00:00,2024-01-17 21:00:00+00:00,2024-01-17 20:00:00+00:00,42636.74,True,24.40999984741211,-0.012352559647903716,-0.012540431818495734,-0.00018787217059201833,0.00018787217059201833
2024-01-18,2024-01-18 14:30:00+00:00,2024-01-18 21:00:00+00:00,2024-01-18 21:00:00+00:00,2024-01-18 20:00:00+00:00,40677.76,True,23.34000015258789,-0.04594582043561479,-0.04383448183174232,0.00211133860387247,0.00211133860387247
2024-01-19,2024-01-19 14:30:00+00:00,2024-01-19 21:00:00+00:00,2024-01-19 21:00:00+00:00,2024-01-19 20:00:00+00:00,41543.06,True,23.799999237060547,0.021272066111801546,0.019708615315568112,-0.0015634507962334343,0.0015634507962334343
2024-01-22,2024-01-22 14:30:00+00:00,2024-01-22 21:00:00+00:00,2024-01-22 21:00:00+00:00,2024-01-22 20:00:00+00:00,40139.74,True,22.950000762939453,-0.033779890070688046,-0.03571422274659175,-0.001934332675903705,0.001934332675903705
2024-01-23,2024-01-23 14:30:00+00:00,2024-01-23 21:00:00+00:00,2024-01-23 21:00:00+00:00,2024-01-23 20:00:00+00:00,39120.89,True,22.31999969482422,-0.02538257597084581,-0.027451026020556157,-0.0020684500497103464,0.0020684500497103464
2024-01-24,2024-01-24 14:30:00+00:00,2024-01-24 21:00:00+00:00,2024-01-24 21:00:00+00:00,2024-01-24 20:00:00+00:00,39471.37,True,22.600000381469727,0.008958896385026005,0.012544833802593525,0.0035859374175675196,0.0035859374175675196
2024-01-25,2024-01-25 14:30:00+00:00,2024-01-25 21:00:00+00:00,2024-01-25 21:00:00+00:00,2024-01-25 20:00:00+00:00,39801.6,True,22.760000228881836,0.008366317155953595,0.007079639146523986,-0.0012866780094296093,0.0012866780094296093
2024-01-26,2024-01-26 14:30:00+00:00,2024-01-26 21:00:00+00:00,2024-01-26 21:00:00+00:00,2024-01-26 20:00:00+00:00,41967.75,True,23.989999771118164,0.054423691509889016,0.05404215860575823,-0.000381532904130788,0.000381532904130788
2024-01-29,2024-01-29 14:30:00+00:00,2024-01-29 21:00:00+00:00,2024-01-29 21:00:00+00:00,2024-01-29 20:00:00+00:00,43149.48,True,24.670000076293945,0.028158049931197304,0.028345156801312,0.00018710687011469496,0.00018710687011469496
2024-01-30,2024-01-30 14:30:00+00:00,2024-01-30 21:00:00+00:00,2024-01-30 21:00:00+00:00,2024-01-30 20:00:00+00:00,43552.07,True,24.8799991607666,0.009330124024669484,0.008512326056879571,-0.0008177979677899128,0.0008177979677899128
2024-01-31,2024-01-31 14:30:00+00:00,2024-01-31 21:00:00+00:00,2024-01-31 21:00:00+00:00,2024-01-31 20:00:00+00:00,42524.73,True,24.299999237060547,-0.023588775458893152,-0.023311894825971735,0.00027688063292141685,0.00027688063292141685
2024-02-01,2024-02-01 14:30:00+00:00,2024-02-01 21:00:00+00:00,2024-02-01 21:00:00+00:00,2024-02-01 20:00:00+00:00,43001.81,True,24.540000915527344,0.011218883694264381,0.009876612592677025,-0.0013422711015873556,0.0013422711015873556
2024-02-02,2024-02-02 14:30:00+00:00,2024-02-02 21:00:00+00:00,2024-02-02 21:00:00+00:00,2024-02-02 20:00:00+00:00,42935.23,True,24.5,-0.0015483069201038813,-0.001630029096781116,-8.172217667723469e-05,8.172217667723469e-05
2024-02-05,2024-02-05 14:30:00+00:00,2024-02-05 21:00:00+00:00,2024-02-05 21:00:00+00:00,2024-02-05 20:00:00+00:00,42376.3,True,24.190000534057617,-0.013017980805040574,-0.012653039426219759,0.00036494137882081557,0.00036494137882081557
2024-02-06,2024-02-06 14:30:00+00:00,2024-02-06 21:00:00+00:00,2024-02-06 21:00:00+00:00,2024-02-06 20:00:00+00:00,43092.0,True,24.600000381469727,0.016889157382782294,0.016949145860284842,5.998847750254832e-05,5.998847750254832e-05
2024-02-07,2024-02-07 14:30:00+00:00,2024-02-07 21:00:00+00:00,2024-02-07 21:00:00+00:00,2024-02-07 20:00:00+00:00,44129.57,True,25.219999313354492,0.02407801912187879,0.025203208222378315,0.001125189100499524,0.001125189100499524
2024-02-08,2024-02-08 14:30:00+00:00,2024-02-08 21:00:00+00:00,2024-02-08 21:00:00+00:00,2024-02-08 20:00:00+00:00,45527.61,True,26.030000686645508,0.03168034494784333,0.032117422495808956,0.00043707754796562526,0.00043707754796562526
2024-02-09,2024-02-09 14:30:00+00:00,2024-02-09 21:00:00+00:00,2024-02-09 21:00:00+00:00,2024-02-09 20:00:00+00:00,47559.63,True,27.149999618530273,0.044632696510974235,0.04302723405072251,-0.0016054624602517276,0.0016054624602517276
2024-02-12,2024-02-12 14:30:00+00:00,2024-02-12 21:00:00+00:00,2024-02-12 21:00:00+00:00,2024-02-12 20:00:00+00:00,50212.91,True,28.65999984741211,0.055788491205671864,0.055616952121473995,-0.00017153908419786923,0.00017153908419786923
2024-02-13,2024-02-13 14:30:00+00:00,2024-02-13 21:00:00+00:00,2024-02-13 21:00:00+00:00,2024-02-13 20:00:00+00:00,49446.55,True,28.219999313354492,-0.01526221045543863,-0.01535242625262423,-9.021579718559991e-05,9.021579718559991e-05
2024-02-14,2024-02-14 14:30:00+00:00,2024-02-14 21:00:00+00:00,2024-02-14 21:00:00+00:00,2024-02-14 20:00:00+00:00,51744.69,True,29.549999237060547,0.046477256755021346,0.047129693694806685,0.0006524369397853391,0.0006524369397853391
2024-02-15,2024-02-15 14:30:00+00:00,2024-02-15 21:00:00+00:00,2024-02-15 21:00:00+00:00,2024-02-15 20:00:00+00:00,51717.95,True,29.520000457763672,-0.0005167680007359676,-0.0010151871428561998,-0.0004984191421202322,0.0004984191421202322
2024-02-16,2024-02-16 14:30:00+00:00,2024-02-16 21:00:00+00:00,2024-02-16 21:00:00+00:00,2024-02-16 20:00:00+00:00,51862.31,True,29.6200008392334,0.002791293931797334,0.003387546745224679,0.0005962528134273448,0.0005962528134273448
2024-02-20,2024-02-20 14:30:00+00:00,2024-02-20 21:00:00+00:00,2024-02-20 21:00:00+00:00,2024-02-20 20:00:00+00:00,52004.0,True,29.670000076293945,0.002732041823821696,0.00168802281039504,-0.0010440190134266558,0.0010440190134266558
2024-02-21,2024-02-21 14:30:00+00:00,2024-02-21 21:00:00+00:00,2024-02-21 21:00:00+00:00,2024-02-21 20:00:00+00:00,50943.5,True,29.079999923706055,-0.020392662102915127,-0.019885411225842753,0.0005072508770723738,0.0005072508770723738
2024-02-22,2024-02-22 14:30:00+00:00,2024-02-22 21:00:00+00:00,2024-02-22 21:00:00+00:00,2024-02-22 20:00:00+00:00,52018.35,True,29.719999313354492,0.02109886442823905,0.02200823216394543,0.000909367735706379,0.000909367735706379
2024-02-23,2024-02-23 14:30:00+00:00,2024-02-23 21:00:00+00:00,2024-02-23 21:00:00+00:00,2024-02-23 20:00:00+00:00,51092.09,True,29.15999984741211,-0.017806408700006826,-0.018842512748334816,-0.0010361040483279904,0.0010361040483279904
2024-02-26,2024-02-26 14:30:00+00:00,2024-02-26 21:00:00+00:00,2024-02-26 21:00:00+00:00,2024-02-26 20:00:00+00:00,54476.71,True,31.1200008392334,0.06624547948615933,0.06721539787645892,0.0009699183902995845,0.0009699183902995845
2024-02-27,2024-02-27 14:30:00+00:00,2024-02-27 21:00:00+00:00,2024-02-27 21:00:00+00:00,2024-02-27 20:00:00+00:00,57015.79,True,32.59000015258789,0.04660854152168881,0.047236480517739654,0.0006279389960508475,0.0006279389960508475
2024-02-28,2024-02-28 14:30:00+00:00,2024-02-28 21:00:00+00:00,2024-02-28 21:00:00+00:00,2024-02-28 20:00:00+00:00,60402.13,True,34.45000076293945,0.05939302077547293,0.05707274015473929,-0.002320280620733639,0.002320280620733639
2024-02-29,2024-02-29 14:30:00+00:00,2024-02-29 21:00:00+00:00,2024-02-29 21:00:00+00:00,2024-02-29 20:00:00+00:00,61958.39,True,35.41999816894531,0.025764985440082988,0.02815667299053759,0.002391687550454602,0.002391687550454602
2024-03-01,2024-03-01 14:30:00+00:00,2024-03-01 21:00:00+00:00,2024-03-01 21:00:00+00:00,2024-03-01 20:00:00+00:00,62990.39,True,35.9900016784668,0.01665633984356285,0.016092702964090932,-0.0005636368794719182,0.0005636368794719182
2024-03-04,2024-03-04 14:30:00+00:00,2024-03-04 21:00:00+00:00,2024-03-04 21:00:00+00:00,2024-03-04 20:00:00+00:00,67626.0,True,38.650001525878906,0.07359233686281352,0.07390941159648845,0.0003170747336749269,0.0003170747336749269
2024-03-05,2024-03-05 14:30:00+00:00,2024-03-05 21:00:00+00:00,2024-03-05 21:00:00+00:00,2024-03-05 20:00:00+00:00,61896.61,True,35.31999969482422,-0.08472170466980156,-0.08615787062323954,-0.0014361659534379845,0.0014361659534379845
2024-03-06,2024-03-06 14:30:00+00:00,2024-03-06 21:00:00+00:00,2024-03-06 21:00:00+00:00,2024-03-06 20:00:00+00:00,67075.04,True,38.290000915527344,0.08366257861294812,0.08408837050863127,0.00042579189568314746,0.00042579189568314746
2024-03-07,2024-03-07 14:30:00+00:00,2024-03-07 21:00:00+00:00,2024-03-07 21:00:00+00:00,2024-03-07 20:00:00+00:00,67729.69,True,38.630001068115234,0.009759964362302309,0.008879606802255635,-0.000880357560046674,0.000880357560046674
2024-03-08,2024-03-08 14:30:00+00:00,2024-03-08 21:00:00+00:00,2024-03-08 21:00:00+00:00,2024-03-08 20:00:00+00:00,69334.11,True,39.54999923706055,0.023688577343259576,0.023815639231360652,0.00012706188810107655,0.00012706188810107655
2024-03-11,2024-03-11 13:30:00+00:00,2024-03-11 20:00:00+00:00,2024-03-11 20:00:00+00:00,2024-03-11 19:00:00+00:00,72033.99,True,41.119998931884766,0.03894014071861607,0.039696579648806685,0.0007564389301906171,0.0007564389301906171
2024-03-12,2024-03-12 13:30:00+00:00,2024-03-12 20:00:00+00:00,2024-03-12 20:00:00+00:00,2024-03-12 19:00:00+00:00,71428.46,True,40.72999954223633,-0.00840617047591008,-0.00948442120084858,-0.001078250724938501,0.001078250724938501
2024-03-13,2024-03-13 13:30:00+00:00,2024-03-13 20:00:00+00:00,2024-03-13 20:00:00+00:00,2024-03-13 19:00:00+00:00,73517.19,True,41.95000076293945,0.029242265617934304,0.029953381645339894,0.0007111160274055894,0.0007111160274055894
2024-03-14,2024-03-14 13:30:00+00:00,2024-03-14 20:00:00+00:00,2024-03-14 20:00:00+00:00,2024-03-14 19:00:00+00:00,69260.0,True,39.5099983215332,-0.057907409137917254,-0.05816453866579807,-0.0002571295278808172,0.0002571295278808172
2024-03-15,2024-03-15 13:30:00+00:00,2024-03-15 20:00:00+00:00,2024-03-15 20:00:00+00:00,2024-03-15 19:00:00+00:00,68988.49,True,39.38999938964844,-0.0039201559341610626,-0.003037178865668677,0.0008829770684923854,0.0008829770684923854
2024-03-18,2024-03-18 13:30:00+00:00,2024-03-18 20:00:00+00:00,2024-03-18 20:00:00+00:00,2024-03-18 19:00:00+00:00,66934.82,True,38.13999938964844,-0.02976829903075129,-0.03173394311675204,-0.0019656440860007507,0.0019656440860007507
2024-03-19,2024-03-19 13:30:00+00:00,2024-03-19 20:00:00+00:00,2024-03-19 20:00:00+00:00,2024-03-19 19:00:00+00:00,64378.05,True,36.70000076293945,-0.038197906560441974,-0.03775560172399517,0.0004423048364468052,0.0004423048364468052
2024-03-20,2024-03-20 13:30:00+00:00,2024-03-20 20:00:00+00:00,2024-03-20 20:00:00+00:00,2024-03-20 19:00:00+00:00,65782.98,True,37.54999923706055,0.021823121389976663,0.02316072088421972,0.001337599494243058,0.001337599494243058
2024-03-21,2024-03-21 13:30:00+00:00,2024-03-21 20:00:00+00:00,2024-03-21 20:00:00+00:00,2024-03-21 19:00:00+00:00,65220.34,True,37.150001525878906,-0.008552972212569232,-0.010652402644707792,-0.0020994304321385604,0.0020994304321385604
2024-03-22,2024-03-22 13:30:00+00:00,2024-03-22 20:00:00+00:00,2024-03-22 20:00:00+00:00,2024-03-22 19:00:00+00:00,63872.85,True,36.40999984741211,-0.02066057919967912,-0.019919290661436606,0.0007412885382425127,0.0007412885382425127
2024-03-25,2024-03-25 13:30:00+00:00,2024-03-25 20:00:00+00:00,2024-03-25 20:00:00+00:00,2024-03-25 19:00:00+00:00,71071.7,True,40.54999923706055,0.1127059462666844,0.1137050098049559,0.0009990635382715052,0.0009990635382715052
2024-03-26,2024-03-26 13:30:00+00:00,2024-03-26 20:00:00+00:00,2024-03-26 20:00:00+00:00,2024-03-26 19:00:00+00:00,69445.99,True,39.630001068115234,-0.022874224198942694,-0.022687994728850303,0.00018622947009239166,0.00018622947009239166
2024-03-27,2024-03-27 13:30:00+00:00,2024-03-27 20:00:00+00:00,2024-03-27 20:00:00+00:00,2024-03-27 19:00:00+00:00,68591.46,True,39.130001068115234,-0.01230495814085164,-0.01261670417673244,-0.00031174603588079997,0.00031174603588079997
2024-03-28,2024-03-28 13:30:00+00:00,2024-03-28 20:00:00+00:00,2024-03-28 20:00:00+00:00,2024-03-28 19:00:00+00:00,70840.97,True,40.470001220703125,0.03279577370127407,0.03424482790724426,0.0014490542059701905,0.0014490542059701905
2024-04-01,2024-04-01 13:30:00+00:00,2024-04-01 20:00:00+00:00,2024-04-01 20:00:00+00:00,2024-04-01 19:00:00+00:00,69709.52,True,39.75,-0.015971689828640057,-0.017790985890427824,-0.0018192960617877674,0.0018192960617877674
2024-04-02,2024-04-02 13:30:00+00:00,2024-04-02 20:00:00+00:00,2024-04-02 20:00:00+00:00,2024-04-02 19:00:00+00:00,65963.45,True,37.599998474121094,-0.05373828424008664,-0.054088088701356174,-0.0003498044612695317,0.0003498044612695317
2024-04-03,2024-04-03 13:30:00+00:00,2024-04-03 20:00:00+00:00,2024-04-03 20:00:00+00:00,2024-04-03 19:00:00+00:00,65826.87,True,37.540000915527344,-0.0020705405796694887,-0.0015956798145895235,0.0004748607650799652,0.0004748607650799652
2024-04-04,2024-04-04 13:30:00+00:00,2024-04-04 20:00:00+00:00,2024-04-04 20:00:00+00:00,2024-04-04 19:00:00+00:00,68540.79,True,39.08000183105469,0.04122814893067228,0.04102293228475573,-0.00020521664591655053,0.00020521664591655053
2024-04-05,2024-04-05 13:30:00+00:00,2024-04-05 20:00:00+00:00,2024-04-05 20:00:00+00:00,2024-04-05 19:00:00+00:00,67368.16,True,38.40999984741211,-0.017108498457633625,-0.017144369300161166,-3.5870842527541136e-05,3.5870842527541136e-05
2024-04-08,2024-04-08 13:30:00+00:00,2024-04-08 20:00:00+00:00,2024-04-08 20:00:00+00:00,2024-04-08 19:00:00+00:00,71747.65,True,40.95000076293945,0.06500830659468781,0.06612863643889022,0.0011203298442024057,0.0011203298442024057
2024-04-09,2024-04-09 13:30:00+00:00,2024-04-09 20:00:00+00:00,2024-04-09 20:00:00+00:00,2024-04-09 19:00:00+00:00,68949.18,True,39.33000183105469,-0.03900434369627437,-0.03956041273998945,-0.0005560690437150795,0.0005560690437150795
2024-04-10,2024-04-10 13:30:00+00:00,2024-04-10 20:00:00+00:00,2024-04-10 20:00:00+00:00,2024-04-10 19:00:00+00:00,70087.49,True,40.0,0.016509405913166963,0.017035294628852116,0.0005258887156851522,0.0005258887156851522
2024-04-11,2024-04-11 13:30:00+00:00,2024-04-11 20:00:00+00:00,2024-04-11 20:00:00+00:00,2024-04-11 19:00:00+00:00,70490.11,True,40.16999816894531,0.0057445344383140196,0.004249954223632724,-0.0014945802146812959,0.0014945802146812959
2024-04-12,2024-04-12 13:30:00+00:00,2024-04-12 20:00:00+00:00,2024-04-12 20:00:00+00:00,2024-04-12 19:00:00+00:00,66855.72,True,38.13999938964844,-0.05155886407327215,-0.05053519720760724,0.0010236668656649073,0.0010236668656649073
2024-04-15,2024-04-15 13:30:00+00:00,2024-04-15 20:00:00+00:00,2024-04-15 20:00:00+00:00,2024-04-15 19:00:00+00:00,63310.19,True,36.08000183105469,-0.05303256026559877,-0.0540114732973187,-0.0009789130317199302,0.0009789130317199302
2024-04-16,2024-04-16 13:30:00+00:00,2024-04-16 20:00:00+00:00,2024-04-16 20:00:00+00:00,2024-04-16 19:00:00+00:00,62738.31,True,35.75,-0.009032985053432974,-0.009146391749089378,-0.00011340669565640393,0.00011340669565640393
2024-04-17,2024-04-17 13:30:00+00:00,2024-04-17 20:00:00+00:00,2024-04-17 20:00:00+00:00,2024-04-17 19:00:00+00:00,60992.15,True,34.7599983215332,-0.027832436034697094,-0.02769235464242792,0.0001400813922691757,0.0001400813922691757
2024-04-18,2024-04-18 13:30:00+00:00,2024-04-18 20:00:00+00:00,2024-04-18 20:00:00+00:00,2024-04-18 19:00:00+00:00,63550.01,True,36.209999084472656,0.041937528026147586,0.04171463846248824,-0.0002228895636593453,0.0002228895636593453
2024-04-19,2024-04-19 13:30:00+00:00,2024-04-19 20:00:00+00:00,2024-04-19 20:00:00+00:00,2024-04-19 19:00:00+00:00,64350.0,True,36.66999816894531,0.01258835364463362,0.012703648055873984,0.0001152944112403631,0.0001152944112403631
2024-04-22,2024-04-22 13:30:00+00:00,2024-04-22 20:00:00+00:00,2024-04-22 20:00:00+00:00,2024-04-22 19:00:00+00:00,66570.09,True,37.93000030517578,0.03450023310023309,0.034360572651937815,-0.00013966044829527569,0.00013966044829527569
2024-04-23,2024-04-23 13:30:00+00:00,2024-04-23 20:00:00+00:00,2024-04-23 20:00:00+00:00,2024-04-23 19:00:00+00:00,66496.47,True,37.900001525878906,-0.0011059020650264761,-0.0007908984723309365,0.0003150035926955397,0.0003150035926955397
2024-04-24,2024-04-24 13:30:00+00:00,2024-04-24 20:00:00+00:00,2024-04-24 20:00:00+00:00,2024-04-24 19:00:00+00:00,63880.73,True,36.40999984741211,-0.03933652417940381,-0.03931402687277974,2.249730662406968e-05,2.249730662406968e-05
2024-04-25,2024-04-25 13:30:00+00:00,2024-04-25 20:00:00+00:00,2024-04-25 20:00:00+00:00,2024-04-25 19:00:00+00:00,64719.99,True,36.86000061035156,0.013137921247925455,0.012359262972406748,-0.0007786582755187066,0.0007786582755187066
2024-04-26,2024-04-26 13:30:00+00:00,2024-04-26 20:00:00+00:00,2024-04-26 20:00:00+00:00,2024-04-26 19:00:00+00:00,63716.71,True,36.31999969482422,-0.015501856536133563,-0.014650051725058622,0.000851804811074941,0.000851804811074941
2024-04-29,2024-04-29 13:30:00+00:00,2024-04-29 20:00:00+00:00,2024-04-29 20:00:00+00:00,2024-04-29 19:00:00+00:00,62958.54,True,35.869998931884766,-0.011899076396128971,-0.012389888951556904,-0.000490812555427933,0.000490812555427933
2024-04-30,2024-04-30 13:30:00+00:00,2024-04-30 20:00:00+00:00,2024-04-30 20:00:00+00:00,2024-04-30 19:00:00+00:00,59098.16,True,33.56999969482422,-0.06131622493151834,-0.06412041554358905,-0.0028041906120707116,0.0028041906120707116
2024-05-01,2024-05-01 13:30:00+00:00,2024-05-01 20:00:00+00:00,2024-05-01 20:00:00+00:00,2024-05-01 19:00:00+00:00,56873.82,True,32.38999938964844,-0.03763805844378243,-0.03515044134354617,0.0024876171002362613,0.0024876171002362613
2024-05-02,2024-05-02 13:30:00+00:00,2024-05-02 20:00:00+00:00,2024-05-02 20:00:00+00:00,2024-05-02 19:00:00+00:00,59369.11,True,33.79999923706055,0.04387414103712395,0.04353195041623659,-0.0003421906208873615,0.0003421906208873615
2024-05-03,2024-05-03 13:30:00+00:00,2024-05-03 20:00:00+00:00,2024-05-03 20:00:00+00:00,2024-05-03 19:00:00+00:00,62074.92,True,35.400001525878906,0.04557605798705744,0.04733734689153524,0.001761288904477798,0.001761288904477798
2024-05-06,2024-05-06 13:30:00+00:00,2024-05-06 20:00:00+00:00,2024-05-06 20:00:00+00:00,2024-05-06 19:00:00+00:00,63207.17,True,36.0099983215332,0.01824005572620946,0.01723154715709163,-0.0010085085691178275,0.0010085085691178275
2024-05-07,2024-05-07 13:30:00+00:00,2024-05-07 20:00:00+00:00,2024-05-07 20:00:00+00:00,2024-05-07 19:00:00+00:00,63055.82,True,35.93000030517578,-0.002394506825728726,-0.002221550127359584,0.00017295669836914218,0.00017295669836914218
2024-05-08,2024-05-08 13:30:00+00:00,2024-05-08 20:00:00+00:00,2024-05-08 20:00:00+00:00,2024-05-08 19:00:00+00:00,62152.84,True,35.380001068115234,-0.014320327608141503,-0.015307521079573116,-0.0009871934714316133,0.0009871934714316133
2024-05-09,2024-05-09 13:30:00+00:00,2024-05-09 20:00:00+00:00,2024-05-09 20:00:00+00:00,2024-05-09 19:00:00+00:00,62436.57,True,35.58000183105469,0.0045650367706449035,0.005652932642777442,0.0010878958721325382,0.0010878958721325382
2024-05-10,2024-05-10 13:30:00+00:00,2024-05-10 20:00:00+00:00,2024-05-10 20:00:00+00:00,2024-05-10 19:00:00+00:00,60652.05,True,34.58000183105469,-0.02858132661675672,-0.02810567590042079,0.00047565071633592915,0.00047565071633592915
2024-05-13,2024-05-13 13:30:00+00:00,2024-05-13 20:00:00+00:00,2024-05-13 20:00:00+00:00,2024-05-13 19:00:00+00:00,63173.21,True,36.0,0.041567597467851325,0.04106414383327417,-0.0005034536345771556,0.0005034536345771556
2024-05-14,2024-05-14 13:30:00+00:00,2024-05-14 20:00:00+00:00,2024-05-14 20:00:00+00:00,2024-05-14 19:00:00+00:00,61553.38,True,35.06999969482422,-0.025641090582542825,-0.025833341810438393,-0.00019225122789556792,0.00019225122789556792
2024-05-15,2024-05-15 13:30:00+00:00,2024-05-15 20:00:00+00:00,2024-05-15 20:00:00+00:00,2024-05-15 19:00:00+00:00,66065.41,True,37.66999816894531,0.07330271708880987,0.07413739654251583,0.0008346794537059665,0.0008346794537059665
2024-05-16,2024-05-16 13:30:00+00:00,2024-05-16 20:00:00+00:00,2024-05-16 20:00:00+00:00,2024-05-16 19:00:00+00:00,65181.38,True,37.150001525878906,-0.013381132426181996,-0.013803999690530477,-0.000422867264348481,0.000422867264348481
2024-05-17,2024-05-17 13:30:00+00:00,2024-05-17 20:00:00+00:00,2024-05-17 20:00:00+00:00,2024-05-17 19:00:00+00:00,67099.6,True,38.279998779296875,0.029428956551702523,0.03041715227469921,0.0009881957229966876,0.0009881957229966876
2024-05-20,2024-05-20 13:30:00+00:00,2024-05-20 20:00:00+00:00,2024-05-20 20:00:00+00:00,2024-05-20 19:00:00+00:00,70068.07,True,39.970001220703125,0.044239757017925596,0.0441484455407104,-9.131147721519461e-05,9.131147721519461e-05
2024-05-21,2024-05-21 13:30:00+00:00,2024-05-21 20:00:00+00:00,2024-05-21 20:00:00+00:00,2024-05-21 19:00:00+00:00,69284.85,True,39.470001220703125,-0.011177987348588325,-0.012509381654484786,-0.0013313943058964606,0.0013313943058964606
2024-05-22,2024-05-22 13:30:00+00:00,2024-05-22 20:00:00+00:00,2024-05-22 20:00:00+00:00,2024-05-22 19:00:00+00:00,69638.33,True,39.709999084472656,0.005101836837346108,0.006080513208690963,0.0009786763713448554,0.0009786763713448554
2024-05-23,2024-05-23 13:30:00+00:00,2024-05-23 20:00:00+00:00,2024-05-23 20:00:00+00:00,2024-05-23 19:00:00+00:00,67113.45,True,38.27000045776367,-0.03625704407328556,-0.03626287232205072,-5.828248765160637e-06,5.828248765160637e-06
2024-05-24,2024-05-24 13:30:00+00:00,2024-05-24 20:00:00+00:00,2024-05-24 20:00:00+00:00,2024-05-24 19:00:00+00:00,69135.52,True,39.459999084472656,0.03012913208902246,0.031094816108568235,0.0009656840195457761,0.0009656840195457761
2024-05-28,2024-05-28 13:30:00+00:00,2024-05-28 20:00:00+00:00,2024-05-28 20:00:00+00:00,2024-05-28 19:00:00+00:00,68345.52,True,38.97999954223633,-0.011426832401058129,-0.012164205610060597,-0.0007373732090024676,0.0007373732090024676
2024-05-29,2024-05-29 13:30:00+00:00,2024-05-29 20:00:00+00:00,2024-05-29 20:00:00+00:00,2024-05-29 19:00:00+00:00,67192.68,True,38.31999969482422,-0.016867821036404607,-0.016931756161181477,-6.393512477687047e-05,6.393512477687047e-05
2024-05-30,2024-05-30 13:30:00+00:00,2024-05-30 20:00:00+00:00,2024-05-30 20:00:00+00:00,2024-05-30 19:00:00+00:00,68679.87,True,39.15999984741211,0.02213321451086636,0.021920672214967407,-0.00021254229589895424,0.00021254229589895424
2024-05-31,2024-05-31 13:30:00+00:00,2024-05-31 20:00:00+00:00,2024-05-31 20:00:00+00:00,2024-05-31 19:00:00+00:00,67578.13,True,38.54999923706055,-0.01604167276379509,-0.015577135156497612,0.0004645376072974772,0.0004645376072974772
2024-06-03,2024-06-03 13:30:00+00:00,2024-06-03 20:00:00+00:00,2024-06-03 20:00:00+00:00,2024-06-03 19:00:00+00:00,69204.53,True,39.439998626708984,0.02406695775689549,0.02308688475388676,-0.0009800730030087301,0.0009800730030087301
2024-06-04,2024-06-04 13:30:00+00:00,2024-06-04 20:00:00+00:00,2024-06-04 20:00:00+00:00,2024-06-04 19:00:00+00:00,70439.73,True,40.16999816894531,0.017848542573730253,0.01850911682694556,0.0006605742532153069,0.0006605742532153069
2024-06-05,2024-06-05 13:30:00+00:00,2024-06-05 20:00:00+00:00,2024-06-05 20:00:00+00:00,2024-06-05 19:00:00+00:00,71300.39,True,40.66999816894531,0.012218388684908321,0.012447100393112365,0.00022871170820404352,0.00022871170820404352
2024-06-06,2024-06-06 13:30:00+00:00,2024-06-06 20:00:00+00:00,2024-06-06 20:00:00+00:00,2024-06-06 19:00:00+00:00,70472.0,True,40.15999984741211,-0.011618309521168158,-0.01253991503551688,-0.0009216055143487223,0.0009216055143487223
2024-06-07,2024-06-07 13:30:00+00:00,2024-06-07 20:00:00+00:00,2024-06-07 20:00:00+00:00,2024-06-07 19:00:00+00:00,69206.35,True,39.41999816894531,-0.017959615166307064,-0.01842633668521998,-0.0004667215189129159,0.0004667215189129159
2024-06-10,2024-06-10 13:30:00+00:00,2024-06-10 20:00:00+00:00,2024-06-10 20:00:00+00:00,2024-06-10 19:00:00+00:00,69492.41,True,39.59000015258789,0.004133435732414759,0.004312582230825868,0.00017914649841110908,0.00017914649841110908
2024-06-11,2024-06-11 13:30:00+00:00,2024-06-11 20:00:00+00:00,2024-06-11 20:00:00+00:00,2024-06-11 19:00:00+00:00,67400.44,True,38.43000030517578,-0.030103575340098332,-0.02930032439861674,0.0008032509414815925,0.0008032509414815925
2024-06-12,2024-06-12 13:30:00+00:00,2024-06-12 20:00:00+00:00,2024-06-12 20:00:00+00:00,2024-06-12 19:00:00+00:00,67520.0,True,38.45000076293945,0.0017738756601588523,0.0005204386574251263,-0.001253437002733726,0.001253437002733726
2024-06-13,2024-06-13 13:30:00+00:00,2024-06-13 20:00:00+00:00,2024-06-13 20:00:00+00:00,2024-06-13 19:00:00+00:00,66570.39,True,37.900001525878906,-0.014064129146919457,-0.01430427116117694,-0.00024014201425748283,0.00024014201425748283
2024-06-14,2024-06-14 13:30:00+00:00,2024-06-14 20:00:00+00:00,2024-06-14 20:00:00+00:00,2024-06-14 19:00:00+00:00,65470.55,True,37.29999923706055,-0.016521459465687283,-0.015831194318255193,0.0006902651474320898,0.0006902651474320898
2024-06-17,2024-06-17 13:30:00+00:00,2024-06-17 20:00:00+00:00,2024-06-17 20:00:00+00:00,2024-06-17 19:00:00+00:00,66657.94,True,37.97999954223633,0.018136245991518418,0.01823057155722796,9.432556570954098e-05,9.432556570954098e-05
2024-06-18,2024-06-18 13:30:00+00:00,2024-06-18 20:00:00+00:00,2024-06-18 20:00:00+00:00,2024-06-18 19:00:00+00:00,64366.1,True,36.63999938964844,-0.03438210061697078,-0.03528173166768256,-0.00089963105071178,0.00089963105071178
2024-06-20,2024-06-20 13:30:00+00:00,2024-06-20 20:00:00+00:00,2024-06-20 20:00:00+00:00,2024-06-20 19:00:00+00:00,65010.87,True,37.040000915527344,0.010017229566495534,0.010917072394709626,0.0008998428282140924,0.0008998428282140924
2024-06-21,2024-06-21 13:30:00+00:00,2024-06-21 20:00:00+00:00,2024-06-21 20:00:00+00:00,2024-06-21 19:00:00+00:00,64193.28,True,36.58000183105469,-0.012576204563944482,-0.01241898145525755,0.00015722310868693246,0.00015722310868693246
2024-06-24,2024-06-24 13:30:00+00:00,2024-06-24 20:00:00+00:00,2024-06-24 20:00:00+00:00,2024-06-24 19:00:00+00:00,59270.63,True,33.76499938964844,-0.07668481809934002,-0.07695468290043783,-0.00026986480109780775,0.00026986480109780775
2024-06-25,2024-06-25 13:30:00+00:00,2024-06-25 20:00:00+00:00,2024-06-25 20:00:00+00:00,2024-06-25 19:00:00+00:00,61960.58,True,35.29999923706055,0.04538419787338199,0.04546127277238177,7.707489899977382e-05,7.707489899977382e-05
2024-06-26,2024-06-26 13:30:00+00:00,2024-06-26 20:00:00+00:00,2024-06-26 20:00:00+00:00,2024-06-26 19:00:00+00:00,60931.9,True,34.709999084472656,-0.01660216866917641,-0.016713885703670606,-0.00011171703449419645,0.00011171703449419645
2024-06-27,2024-06-27 13:30:00+00:00,2024-06-27 20:00:00+00:00,2024-06-27 20:00:00+00:00,2024-06-27 19:00:00+00:00,61362.12,True,34.97999954223633,0.0070606693702313095,0.007778751509228687,0.0007180821389973779,0.0007180821389973779
2024-06-28,2024-06-28 13:30:00+00:00,2024-06-28 20:00:00+00:00,2024-06-28 20:00:00+00:00,2024-06-28 19:00:00+00:00,59952.11,True,34.13999938964844,-0.022978508565219102,-0.024013726803330582,-0.0010352182381114794,0.0010352182381114794
2024-07-01,2024-07-01 13:30:00+00:00,2024-07-01 20:00:00+00:00,2024-07-01 20:00:00+00:00,2024-07-01 19:00:00+00:00,63163.74,True,36.0,0.053569924394654356,0.05448156542485272,0.0009116410301983624,0.0009116410301983624
2024-07-02,2024-07-02 13:30:00+00:00,2024-07-02 20:00:00+00:00,2024-07-02 20:00:00+00:00,2024-07-02 19:00:00+00:00,61832.3,True,35.220001220703125,-0.02107918245499707,-0.02166663275824654,-0.0005874503032494705,0.0005874503032494705
2024-07-03,2024-07-03 13:30:00+00:00,2024-07-03 17:00:00+00:00,2024-07-03 17:00:00+00:00,2024-07-03 16:00:00+00:00,60427.14,True,34.439998626708984,-0.02272533934529375,-0.022146580549680328,0.000578758795613421,0.000578758795613421
2024-07-05,2024-07-05 13:30:00+00:00,2024-07-05 20:00:00+00:00,2024-07-05 20:00:00+00:00,2024-07-05 19:00:00+00:00,56463.55,True,32.20000076293945,-0.06559287763743238,-0.06504059097239234,0.000552286665040036,0.000552286665040036
2024-07-08,2024-07-08 13:30:00+00:00,2024-07-08 20:00:00+00:00,2024-07-08 20:00:00+00:00,2024-07-08 19:00:00+00:00,56475.05,True,32.15999984741211,0.00020367121798048338,-0.0012422644279369566,-0.00144593564591744,0.00144593564591744
2024-07-09,2024-07-09 13:30:00+00:00,2024-07-09 20:00:00+00:00,2024-07-09 20:00:00+00:00,2024-07-09 19:00:00+00:00,57858.29,True,32.959999084472656,0.024492939802620795,0.02487559828533148,0.0003826584827106849,0.0003826584827106849
2024-07-10,2024-07-10 13:30:00+00:00,2024-07-10 20:00:00+00:00,2024-07-10 20:00:00+00:00,2024-07-10 19:00:00+00:00,57384.25,True,32.66999816894531,-0.008193121504282308,-0.008798571710639469,-0.000605450206357161,0.000605450206357161
2024-07-11,2024-07-11 13:30:00+00:00,2024-07-11 20:00:00+00:00,2024-07-11 20:00:00+00:00,2024-07-11 19:00:00+00:00,57386.03,True,32.70000076293945,3.1018964262718995e-05,0.0009183530968992493,0.0008873341326365303,0.0008873341326365303
2024-07-12,2024-07-12 13:30:00+00:00,2024-07-12 20:00:00+00:00,2024-07-12 20:00:00+00:00,2024-07-12 19:00:00+00:00,57611.34,True,32.849998474121094,0.00392621688588668,0.004587085861833984,0.0006608689759473041,0.0006608689759473041
2024-07-15,2024-07-15 13:30:00+00:00,2024-07-15 20:00:00+00:00,2024-07-15 20:00:00+00:00,2024-07-15 19:00:00+00:00,63426.27,True,36.150001525878906,0.10093377449647933,0.10045671857055094,-0.0004770559259283935,0.0004770559259283935
2024-07-16,2024-07-16 13:30:00+00:00,2024-07-16 20:00:00+00:00,2024-07-16 20:00:00+00:00,2024-07-16 19:00:00+00:00,65208.43,True,37.16999816894531,0.028098136623831094,0.028215673582647538,0.00011753695881644433,0.00011753695881644433
2024-07-17,2024-07-17 13:30:00+00:00,2024-07-17 20:00:00+00:00,2024-07-17 20:00:00+00:00,2024-07-17 19:00:00+00:00,64602.85,True,36.84000015258789,-0.009286836073188698,-0.008878074592780782,0.0004087614804079154,0.0004087614804079154
2024-07-18,2024-07-18 13:30:00+00:00,2024-07-18 20:00:00+00:00,2024-07-18 20:00:00+00:00,2024-07-18 19:00:00+00:00,63547.89,True,36.220001220703125,-0.01632992971672298,-0.016829504053115785,-0.0004995743363928051,0.0004995743363928051
2024-07-19,2024-07-19 13:30:00+00:00,2024-07-19 20:00:00+00:00,2024-07-19 20:00:00+00:00,2024-07-19 19:00:00+00:00,67207.36,True,38.400001525878906,0.05758601898505211,0.06018774797637794,0.0026017289913258246,0.0026017289913258246
2024-07-22,2024-07-22 13:30:00+00:00,2024-07-22 20:00:00+00:00,2024-07-22 20:00:00+00:00,2024-07-22 19:00:00+00:00,68276.66,True,38.93000030517578,0.015910459806783184,0.013802050995745274,-0.0021084088110379096,0.0021084088110379096
2024-07-23,2024-07-23 13:30:00+00:00,2024-07-23 20:00:00+00:00,2024-07-23 20:00:00+00:00,2024-07-23 19:00:00+00:00,65525.0,True,37.34000015258789,-0.040301619909351216,-0.04084254148789457,-0.0005409215785433519,0.0005409215785433519
2024-07-24,2024-07-24 13:30:00+00:00,2024-07-24 20:00:00+00:00,2024-07-24 20:00:00+00:00,2024-07-24 19:00:00+00:00,65651.94,True,37.41999816894531,0.0019372758489126785,0.002142421425562757,0.0002051455766500787,0.0002051455766500787
2024-07-25,2024-07-25 13:30:00+00:00,2024-07-25 20:00:00+00:00,2024-07-25 20:00:00+00:00,2024-07-25 19:00:00+00:00,64663.15,True,36.83000183105469,-0.015061093396478431,-0.015766872441491997,-0.0007057790450135659,0.0007057790450135659
2024-07-26,2024-07-26 13:30:00+00:00,2024-07-26 20:00:00+00:00,2024-07-26 20:00:00+00:00,2024-07-26 19:00:00+00:00,68008.63,True,38.790000915527344,0.051737040339049356,0.05321745824134072,0.0014804179022913644,0.0014804179022913644
2024-07-29,2024-07-29 13:30:00+00:00,2024-07-29 20:00:00+00:00,2024-07-29 20:00:00+00:00,2024-07-29 19:00:00+00:00,67297.37,True,38.34000015258789,-0.010458378591070128,-0.01160094746889584,-0.0011425688778257115,0.0011425688778257115
2024-07-30,2024-07-30 13:30:00+00:00,2024-07-30 20:00:00+00:00,2024-07-30 20:00:00+00:00,2024-07-30 19:00:00+00:00,65891.91,True,37.54999923706055,-0.020884322819747503,-0.02060513595157143,0.0002791868681760734,0.0002791868681760734
2024-07-31,2024-07-31 13:30:00+00:00,2024-07-31 20:00:00+00:00,2024-07-31 20:00:00+00:00,2024-07-31 19:00:00+00:00,65222.44,True,37.18000030517578,-0.010160124361245582,-0.009853500383552372,0.00030662397769321004,0.00030662397769321004
2024-08-01,2024-08-01 13:30:00+00:00,2024-08-01 20:00:00+00:00,2024-08-01 20:00:00+00:00,2024-08-01 19:00:00+00:00,63346.4,True,36.06999969482422,-0.02876371997122462,-0.029854776795067428,-0.0010910568238428064,0.0010910568238428064
2024-08-02,2024-08-02 13:30:00+00:00,2024-08-02 20:00:00+00:00,2024-08-02 20:00:00+00:00,2024-08-02 19:00:00+00:00,62553.57,True,35.61000061035156,-0.012515786216738434,-0.012752955041989145,-0.00023716882525071092,0.00023716882525071092
2024-08-05,2024-08-05 13:30:00+00:00,2024-08-05 20:00:00+00:00,2024-08-05 20:00:00+00:00,2024-08-05 19:00:00+00:00,53469.64,True,30.479999542236328,-0.1452184103960813,-0.14406068464441368,0.0011577257516676154,0.0011577257516676154
2024-08-06,2024-08-06 13:30:00+00:00,2024-08-06 20:00:00+00:00,2024-08-06 20:00:00+00:00,2024-08-06 19:00:00+00:00,56787.45,True,32.34000015258789,0.06205035231207834,0.06102364298838481,-0.001026709323693531,0.001026709323693531
2024-08-07,2024-08-07 13:30:00+00:00,2024-08-07 20:00:00+00:00,2024-08-07 20:00:00+00:00,2024-08-07 19:00:00+00:00,54755.89,True,31.190000534057617,-0.03577480587700277,-0.03555966645344155,0.00021513942356121696,0.00021513942356121696
2024-08-08,2024-08-08 13:30:00+00:00,2024-08-08 20:00:00+00:00,2024-08-08 20:00:00+00:00,2024-08-08 19:00:00+00:00,59461.06,True,33.880001068115234,0.08592993374776658,0.0862456071817086,0.00031567343394200975,0.00031567343394200975
2024-08-09,2024-08-09 13:30:00+00:00,2024-08-09 20:00:00+00:00,2024-08-09 20:00:00+00:00,2024-08-09 19:00:00+00:00,60704.82,True,34.599998474121094,0.020917218764683998,0.021251398562778023,0.0003341797980940253,0.0003341797980940253
2024-08-12,2024-08-12 13:30:00+00:00,2024-08-12 20:00:00+00:00,2024-08-12 20:00:00+00:00,2024-08-12 19:00:00+00:00,59055.01,True,33.63999938964844,-0.027177578320798923,-0.02774563950315445,-0.0005680611823555282,0.0005680611823555282
2024-08-13,2024-08-13 13:30:00+00:00,2024-08-13 20:00:00+00:00,2024-08-13 20:00:00+00:00,2024-08-13 19:00:00+00:00,60833.19,True,34.63999938964844,0.030110569789083108,0.029726516591665364,-0.00038405319741774413,0.00038405319741774413
2024-08-14,2024-08-14 13:30:00+00:00,2024-08-14 20:00:00+00:00,2024-08-14 20:00:00+00:00,2024-08-14 19:00:00+00:00,58901.63,True,33.560001373291016,-0.031751746045209917,-0.031177772384146207,0.0005739736610637092,0.0005739736610637092
2024-08-15,2024-08-15 13:30:00+00:00,2024-08-15 20:00:00+00:00,2024-08-15 20:00:00+00:00,2024-08-15 19:00:00+00:00,57036.01,True,32.5,-0.031673486794847494,-0.03158526012858354,8.822666626395748e-05,8.822666626395748e-05
2024-08-16,2024-08-16 13:30:00+00:00,2024-08-16 20:00:00+00:00,2024-08-16 20:00:00+00:00,2024-08-16 19:00:00+00:00,59710.88,True,34.029998779296875,0.04689791589558934,0.04707688551682687,0.00017896962123753468,0.00017896962123753468
2024-08-19,2024-08-19 13:30:00+00:00,2024-08-19 20:00:00+00:00,2024-08-19 20:00:00+00:00,2024-08-19 19:00:00+00:00,58979.76,True,33.619998931884766,-0.012244334700811543,-0.012048188719346764,0.00019614598146477924,0.00019614598146477924
2024-08-20,2024-08-20 13:30:00+00:00,2024-08-20 20:00:00+00:00,2024-08-20 20:00:00+00:00,2024-08-20 19:00:00+00:00,59517.0,True,33.91999816894531,0.009108887523448628,0.008923237554776753,-0.0001856499686718749,0.0001856499686718749
2024-08-21,2024-08-21 13:30:00+00:00,2024-08-21 20:00:00+00:00,2024-08-21 20:00:00+00:00,2024-08-21 19:00:00+00:00,61610.76,True,35.130001068115234,0.03517919249962209,0.03567225720777634,0.000493064708154245,0.000493064708154245
2024-08-22,2024-08-22 13:30:00+00:00,2024-08-22 20:00:00+00:00,2024-08-22 20:00:00+00:00,2024-08-22 19:00:00+00:00,60314.46,True,34.349998474121094,-0.021040155972755437,-0.022203318254438886,-0.0011631622816834497,0.0011631622816834497
2024-08-23,2024-08-23 13:30:00+00:00,2024-08-23 20:00:00+00:00,2024-08-23 20:00:00+00:00,2024-08-23 19:00:00+00:00,63649.84,True,36.279998779296875,0.05529984020415668,0.056186328701872235,0.000886488497715554,0.000886488497715554
2024-08-26,2024-08-26 13:30:00+00:00,2024-08-26 20:00:00+00:00,2024-08-26 20:00:00+00:00,2024-08-26 19:00:00+00:00,63369.76,True,36.09000015258789,-0.004400325279686368,-0.005237007527613469,-0.0008366822479271008,0.0008366822479271008
2024-08-27,2024-08-27 13:30:00+00:00,2024-08-27 20:00:00+00:00,2024-08-27 20:00:00+00:00,2024-08-27 19:00:00+00:00,62109.68,True,35.380001068115234,-0.019884563236471142,-0.019673014172091774,0.00021154906437936827,0.00021154906437936827
2024-08-28,2024-08-28 13:30:00+00:00,2024-08-28 20:00:00+00:00,2024-08-28 20:00:00+00:00,2024-08-28 19:00:00+00:00,58904.42,True,33.52000045776367,-0.05160644846342799,-0.052572090282603456,-0.0009656418191754668,0.0009656418191754668
2024-08-29,2024-08-29 13:30:00+00:00,2024-08-29 20:00:00+00:00,2024-08-29 20:00:00+00:00,2024-08-29 19:00:00+00:00,59253.71,True,33.689998626708984,0.005929775728205078,0.005071544350350399,-0.0008582313778546791,0.0008582313778546791
2024-08-30,2024-08-30 13:30:00+00:00,2024-08-30 20:00:00+00:00,2024-08-30 20:00:00+00:00,2024-08-30 19:00:00+00:00,58674.49,True,33.369998931884766,-0.00977525289133796,-0.009498358796919848,0.00027689409441811197,0.00027689409441811197
2024-09-03,2024-09-03 13:30:00+00:00,2024-09-03 20:00:00+00:00,2024-09-03 20:00:00+00:00,2024-09-03 19:00:00+00:00,58017.88,True,32.97999954223633,-0.011190723600665309,-0.011687126225101485,-0.0004964026244361763,0.0004964026244361763
2024-09-04,2024-09-04 13:30:00+00:00,2024-09-04 20:00:00+00:00,2024-09-04 20:00:00+00:00,2024-09-04 19:00:00+00:00,58043.49,True,33.040000915527344,0.0004414156463490304,0.0018193260801648847,0.0013779104338158543,0.0013779104338158543
2024-09-05,2024-09-05 13:30:00+00:00,2024-09-05 20:00:00+00:00,2024-09-05 20:00:00+00:00,2024-09-05 19:00:00+00:00,56035.77,True,31.850000381469727,-0.03458992558855445,-0.03601696431849577,-0.0014270387299413212,0.0014270387299413212
2024-09-06,2024-09-06 13:30:00+00:00,2024-09-06 20:00:00+00:00,2024-09-06 20:00:00+00:00,2024-09-06 19:00:00+00:00,53478.7,True,30.40999984741211,-0.04563281632428717,-0.04521194715261001,0.00042086917167716287,0.00042086917167716287
2024-09-09,2024-09-09 13:30:00+00:00,2024-09-09 20:00:00+00:00,2024-09-09 20:00:00+00:00,2024-09-09 19:00:00+00:00,57101.12,True,32.5099983215332,0.06773575273894106,0.069056181672418,0.001320428933476947,0.001320428933476947
2024-09-10,2024-09-10 13:30:00+00:00,2024-09-10 20:00:00+00:00,2024-09-10 20:00:00+00:00,2024-09-10 19:00:00+00:00,57960.57,True,33.0,0.015051368519566566,0.0150723378580504,2.0969338483833866e-05,2.0969338483833866e-05
2024-09-11,2024-09-11 13:30:00+00:00,2024-09-11 20:00:00+00:00,2024-09-11 20:00:00+00:00,2024-09-11 19:00:00+00:00,57604.58,True,32.79999923706055,-0.0061419340769077735,-0.006060629179983401,8.130489692437237e-05,8.130489692437237e-05
2024-09-12,2024-09-12 13:30:00+00:00,2024-09-12 20:00:00+00:00,2024-09-12 20:00:00+00:00,2024-09-12 19:00:00+00:00,58407.05,True,33.25,0.013930663152131428,0.013719535774592284,-0.00021112737753914423,0.00021112737753914423
2024-09-13,2024-09-13 13:30:00+00:00,2024-09-13 20:00:00+00:00,2024-09-13 20:00:00+00:00,2024-09-13 19:00:00+00:00,59760.46,True,34.040000915527344,0.023172031458531084,0.023759426030897535,0.0005873945723664509,0.0005873945723664509
2024-09-16,2024-09-16 13:30:00+00:00,2024-09-16 20:00:00+00:00,2024-09-16 20:00:00+00:00,2024-09-16 19:00:00+00:00,57936.06,True,32.97999954223633,-0.030528546801681267,-0.031139874993584282,-0.0006113281919030156,0.0006113281919030156
2024-09-17,2024-09-17 13:30:00+00:00,2024-09-17 20:00:00+00:00,2024-09-17 20:00:00+00:00,2024-09-17 19:00:00+00:00,59975.42,True,34.099998474121094,0.03520018447923445,0.03395994382748313,-0.0012402406517513231,0.0012402406517513231
2024-09-18,2024-09-18 13:30:00+00:00,2024-09-18 20:00:00+00:00,2024-09-18 20:00:00+00:00,2024-09-18 19:00:00+00:00,60061.01,True,34.150001525878906,0.0014270846290029837,0.0014663652198037003,3.928059080071655e-05,3.928059080071655e-05
2024-09-19,2024-09-19 13:30:00+00:00,2024-09-19 20:00:00+00:00,2024-09-19 20:00:00+00:00,2024-09-19 19:00:00+00:00,63266.78,True,36.0099983215332,0.05337522629073321,0.05446549670707301,0.0010902704163398003,0.0010902704163398003
2024-09-20,2024-09-20 13:30:00+00:00,2024-09-20 20:00:00+00:00,2024-09-20 20:00:00+00:00,2024-09-20 19:00:00+00:00,62806.9,True,35.79999923706055,-0.007268901625782087,-0.005831688260509615,0.0014372133652724717,0.0014372133652724717
2024-09-23,2024-09-23 13:30:00+00:00,2024-09-23 20:00:00+00:00,2024-09-23 20:00:00+00:00,2024-09-23 19:00:00+00:00,63297.31,True,36.040000915527344,0.007808218523760901,0.006703957641941649,-0.0011042608818192523,0.0011042608818192523
2024-09-24,2024-09-24 13:30:00+00:00,2024-09-24 20:00:00+00:00,2024-09-24 20:00:00+00:00,2024-09-24 19:00:00+00:00,64300.87,True,36.63999938964844,0.01585470219824514,0.01664812594004661,0.0007934237418014689,0.0007934237418014689
2024-09-25,2024-09-25 13:30:00+00:00,2024-09-25 20:00:00+00:00,2024-09-25 20:00:00+00:00,2024-09-25 19:00:00+00:00,63167.39,True,35.970001220703125,-0.017627755269874368,-0.01828597653128239,-0.0006582212614080207,0.0006582212614080207
2024-09-26,2024-09-26 13:30:00+00:00,2024-09-26 20:00:00+00:00,2024-09-26 20:00:00+00:00,2024-09-26 19:00:00+00:00,64722.33,True,36.84000015258789,0.024616182495430072,0.024186791836526833,-0.00042939065890323924,0.00042939065890323924
2024-09-27,2024-09-27 13:30:00+00:00,2024-09-27 20:00:00+00:00,2024-09-27 20:00:00+00:00,2024-09-27 19:00:00+00:00,65664.45,True,37.38999938964844,0.014556336275285409,0.01492940376716878,0.00037306749188337207,0.00037306749188337207
2024-09-30,2024-09-30 13:30:00+00:00,2024-09-30 20:00:00+00:00,2024-09-30 20:00:00+00:00,2024-09-30 19:00:00+00:00,63464.76,True,36.130001068115234,-0.033498948060937006,-0.03369880561918481,-0.00019985755824780682,0.00019985755824780682
2024-10-01,2024-10-01 13:30:00+00:00,2024-10-01 20:00:00+00:00,2024-10-01 20:00:00+00:00,2024-10-01 19:00:00+00:00,61745.74,True,35.130001068115234,-0.027086212884126604,-0.027677829239880714,-0.0005916163557541099,0.0005916163557541099
2024-10-02,2024-10-02 13:30:00+00:00,2024-10-02 20:00:00+00:00,2024-10-02 20:00:00+00:00,2024-10-02 19:00:00+00:00,60164.4,True,34.2400016784668,-0.025610511753523357,-0.02533445381691779,0.0002760579366055671,0.0002760579366055671
2024-10-03,2024-10-03 13:30:00+00:00,2024-10-03 20:00:00+00:00,2024-10-03 20:00:00+00:00,2024-10-03 19:00:00+00:00,61030.5,True,34.720001220703125,0.014395556176077573,0.014018677532314339,-0.0003768786437632343,0.0003768786437632343
2024-10-04,2024-10-04 13:30:00+00:00,2024-10-04 20:00:00+00:00,2024-10-04 20:00:00+00:00,2024-10-04 19:00:00+00:00,62373.62,True,35.52000045776367,0.022007356977249204,0.023041451870212448,0.0010340948929632443,0.0010340948929632443
2024-10-07,2024-10-07 13:30:00+00:00,2024-10-07 20:00:00+00:00,2024-10-07 20:00:00+00:00,2024-10-07 19:00:00+00:00,63368.59,True,36.060001373291016,0.015951775766742227,0.015202728281759281,-0.0007490474849829454,0.0007490474849829454
2024-10-08,2024-10-08 13:30:00+00:00,2024-10-08 20:00:00+00:00,2024-10-08 20:00:00+00:00,2024-10-08 19:00:00+00:00,62216.84,True,35.400001525878906,-0.018175408352939515,-0.01830282369043279,-0.00012741533749327516,0.00012741533749327516
2024-10-09,2024-10-09 13:30:00+00:00,2024-10-09 20:00:00+00:00,2024-10-09 20:00:00+00:00,2024-10-09 19:00:00+00:00,60968.18,True,34.68000030517578,-0.020069486010539817,-0.020339016657295206,-0.0002695306467553893,0.0002695306467553893
2024-10-10,2024-10-10 13:30:00+00:00,2024-10-10 20:00:00+00:00,2024-10-10 20:00:00+00:00,2024-10-10 19:00:00+00:00,59670.0,True,33.95000076293945,-0.021292746478572933,-0.021049582924235977,0.0002431635543369559,0.0002431635543369559
2024-10-11,2024-10-11 13:30:00+00:00,2024-10-11 20:00:00+00:00,2024-10-11 20:00:00+00:00,2024-10-11 19:00:00+00:00,63094.66,True,35.939998626708984,0.05739332998156543,0.05861554695285465,0.001222216971289214,0.001222216971289214
2024-10-14,2024-10-14 13:30:00+00:00,2024-10-14 20:00:00+00:00,2024-10-14 20:00:00+00:00,2024-10-14 19:00:00+00:00,65914.86,True,37.56999969482422,0.04469791896810271,0.04535339817469808,0.0006554792065953663,0.0006554792065953663
2024-10-15,2024-10-15 13:30:00+00:00,2024-10-15 20:00:00+00:00,2024-10-15 20:00:00+00:00,2024-10-15 19:00:00+00:00,66975.69,True,38.16999816894531,0.01609394300465783,0.01597014849600198,-0.00012379450865585007,0.00012379450865585007
2024-10-16,2024-10-16 13:30:00+00:00,2024-10-16 20:00:00+00:00,2024-10-16 20:00:00+00:00,2024-10-16 19:00:00+00:00,67725.74,True,38.58000183105469,0.0111988394595115,0.010741516420688546,-0.00045732303882295433,0.00045732303882295433
2024-10-17,2024-10-17 13:30:00+00:00,2024-10-17 20:00:00+00:00,2024-10-17 20:00:00+00:00,2024-10-17 19:00:00+00:00,66825.0,True,38.04999923706055,-0.013299817765003441,-0.013737754505950273,-0.00043793674094683155,0.00043793674094683155
2024-10-18,2024-10-18 13:30:00+00:00,2024-10-18 20:00:00+00:00,2024-10-18 20:00:00+00:00,2024-10-18 19:00:00+00:00,68602.94,True,39.06999969482422,0.026605910961466472,0.02680684568240932,0.00020093472094284692,0.00020093472094284692
2024-10-21,2024-10-21 13:30:00+00:00,2024-10-21 20:00:00+00:00,2024-10-21 20:00:00+00:00,2024-10-21 19:00:00+00:00,67735.4,True,38.56999969482422,-0.01264581372168605,-0.012797542971730191,-0.0001517292500441414,0.0001517292500441414
2024-10-22,2024-10-22 13:30:00+00:00,2024-10-22 20:00:00+00:00,2024-10-22 20:00:00+00:00,2024-10-22 19:00:00+00:00,67439.11,True,38.40999984741211,-0.004374226770639811,-0.004148297865648631,0.00022592890499117946,0.00022592890499117946
2024-10-23,2024-10-23 13:30:00+00:00,2024-10-23 20:00:00+00:00,2024-10-23 20:00:00+00:00,2024-10-23 19:00:00+00:00,66393.44,True,37.810001373291016,-0.015505394421723495,-0.015620892384916707,-0.00011549796319321182,0.00011549796319321182
2024-10-24,2024-10-24 13:30:00+00:00,2024-10-24 20:00:00+00:00,2024-10-24 20:00:00+00:00,2024-10-24 19:00:00+00:00,68269.33,True,38.869998931884766,0.028254146795225532,0.02803484581046667,-0.0002193009847588634,0.0002193009847588634
2024-10-25,2024-10-25 13:30:00+00:00,2024-10-25 20:00:00+00:00,2024-10-25 20:00:00+00:00,2024-10-25 19:00:00+00:00,66725.35,True,38.0099983215332,-0.022616012197570923,-0.022125048468836228,0.0004909637287346946,0.0004909637287346946
2024-10-28,2024-10-28 13:30:00+00:00,2024-10-28 20:00:00+00:00,2024-10-28 20:00:00+00:00,2024-10-28 19:00:00+00:00,69616.92,True,39.66999816894531,0.04333540401061953,0.04367271561997654,0.0003373116093570161,0.0003373116093570161
2024-10-29,2024-10-29 13:30:00+00:00,2024-10-29 20:00:00+00:00,2024-10-29 20:00:00+00:00,2024-10-29 19:00:00+00:00,72512.31,True,41.33000183105469,0.04159032028420673,0.04184531733628538,0.00025499705207865375,0.00025499705207865375
2024-10-30,2024-10-30 13:30:00+00:00,2024-10-30 20:00:00+00:00,2024-10-30 20:00:00+00:00,2024-10-30 19:00:00+00:00,71817.56,True,40.880001068115234,-0.009581131810584953,-0.010887992814007763,-0.00130686100342281,0.00130686100342281
2024-10-31,2024-10-31 13:30:00+00:00,2024-10-31 20:00:00+00:00,2024-10-31 20:00:00+00:00,2024-10-31 19:00:00+00:00,69963.39,True,39.779998779296875,-0.02581778049825134,-0.026908078769017352,-0.0010902982707660103,0.0010902982707660103
2024-11-01,2024-11-01 13:30:00+00:00,2024-11-01 20:00:00+00:00,2024-11-01 20:00:00+00:00,2024-11-01 19:00:00+00:00,69211.34,True,39.369998931884766,-0.010749193256644696,-0.010306683257755411,0.00044250999888928444,0.00044250999888928444
2024-11-04,2024-11-04 14:30:00+00:00,2024-11-04 21:00:00+00:00,2024-11-04 21:00:00+00:00,2024-11-04 20:00:00+00:00,67279.04,True,38.25,-0.027918835266012798,-0.028448030537732816,-0.0005291952717200177,0.0005291952717200177
2024-11-05,2024-11-05 14:30:00+00:00,2024-11-05 21:00:00+00:00,2024-11-05 21:00:00+00:00,2024-11-05 20:00:00+00:00,69439.54,True,39.5099983215332,0.032112527170423455,0.03294113258910336,0.0008286054186799063,0.0008286054186799063
2024-11-06,2024-11-06 14:30:00+00:00,2024-11-06 21:00:00+00:00,2024-11-06 21:00:00+00:00,2024-11-06 20:00:00+00:00,76221.57,True,43.400001525878906,0.09766812971399319,0.09845617235133175,0.0007880426373385596,0.0007880426373385596
2024-11-07,2024-11-07 14:30:00+00:00,2024-11-07 21:00:00+00:00,2024-11-07 21:00:00+00:00,2024-11-07 20:00:00+00:00,76599.9,True,43.599998474121094,0.004963555591940505,0.004608224451857046,-0.0003553311400834591,0.0003553311400834591
2024-11-08,2024-11-08 14:30:00+00:00,2024-11-08 21:00:00+00:00,2024-11-08 21:00:00+00:00,2024-11-08 20:00:00+00:00,76712.64,True,43.689998626708984,0.0014718034879941388,0.002064223755450678,0.0005924202674565393,0.0005924202674565393
2024-11-11,2024-11-11 14:30:00+00:00,2024-11-11 21:00:00+00:00,2024-11-11 21:00:00+00:00,2024-11-11 20:00:00+00:00,87047.89,True,49.56999969482422,0.13472681946547538,0.13458460180679932,-0.00014221765867605818,0.00014221765867605818
2024-11-12,2024-11-12 14:30:00+00:00,2024-11-12 21:00:00+00:00,2024-11-12 21:00:00+00:00,2024-11-12 20:00:00+00:00,89618.02,True,51.04999923706055,0.029525471553647042,0.029856759155696855,0.00033128760204981234,0.00033128760204981234
2024-11-13,2024-11-13 14:30:00+00:00,2024-11-13 21:00:00+00:00,2024-11-13 21:00:00+00:00,2024-11-13 20:00:00+00:00,89780.86,True,51.040000915527344,0.0018170452772778845,-0.00019585350994377748,-0.002012898787221662,0.002012898787221662
2024-11-14,2024-11-14 14:30:00+00:00,2024-11-14 21:00:00+00:00,2024-11-14 21:00:00+00:00,2024-11-14 20:00:00+00:00,87550.16,True,49.72999954223633,-0.02484605293377673,-0.0256661706464133,-0.00082011771263657,0.00082011771263657
2024-11-15,2024-11-15 14:30:00+00:00,2024-11-15 21:00:00+00:00,2024-11-15 21:00:00+00:00,2024-11-15 20:00:00+00:00,91523.12,True,52.130001068115234,0.04537924316757369,0.04826063840681427,0.0028813952392405806,0.0028813952392405806
2024-11-18,2024-11-18 14:30:00+00:00,2024-11-18 21:00:00+00:00,2024-11-18 21:00:00+00:00,2024-11-18 20:00:00+00:00,91575.13,True,52.130001068115234,0.0005682717110169211,0.0,-0.0005682717110169211,0.0005682717110169211
2024-11-19,2024-11-19 14:30:00+00:00,2024-11-19 21:00:00+00:00,2024-11-19 21:00:00+00:00,2024-11-19 20:00:00+00:00,92577.97,True,52.70000076293945,0.010951008204956869,0.010934196875987734,-1.6811328969135175e-05,1.6811328969135175e-05
2024-11-20,2024-11-20 14:30:00+00:00,2024-11-20 21:00:00+00:00,2024-11-20 21:00:00+00:00,2024-11-20 20:00:00+00:00,94380.69,True,53.720001220703125,0.01947245116737828,0.01935484711569435,-0.00011760405168392829,0.00011760405168392829
2024-11-21,2024-11-21 14:30:00+00:00,2024-11-21 21:00:00+00:00,2024-11-21 21:00:00+00:00,2024-11-21 20:00:00+00:00,98240.34,True,55.900001525878906,0.04089448805682605,0.040580794036460865,-0.000313694020365185,0.000313694020365185
2024-11-22,2024-11-22 14:30:00+00:00,2024-11-22 21:00:00+00:00,2024-11-22 21:00:00+00:00,2024-11-22 20:00:00+00:00,99379.49,True,56.4900016784668,0.011595542116405566,0.010554564158907098,-0.0010409779574984679,0.0010409779574984679
2024-11-25,2024-11-25 14:30:00+00:00,2024-11-25 21:00:00+00:00,2024-11-25 21:00:00+00:00,2024-11-25 20:00:00+00:00,94985.99,True,54.02000045776367,-0.04420932327183402,-0.04372457332825064,0.00048474994358338463,0.00048474994358338463
2024-11-26,2024-11-26 14:30:00+00:00,2024-11-26 21:00:00+00:00,2024-11-26 21:00:00+00:00,2024-11-26 20:00:00+00:00,90940.03,True,51.70000076293945,-0.042595334322461764,-0.04294705063244386,-0.00035171630998209746,0.00035171630998209746
2024-11-27,2024-11-27 14:30:00+00:00,2024-11-27 21:00:00+00:00,2024-11-27 21:00:00+00:00,2024-11-27 20:00:00+00:00,96643.99,True,55.029998779296875,0.06272221374899489,0.06441001870824903,0.0016878049592541355,0.0016878049592541355
2024-11-29,2024-11-29 14:30:00+00:00,2024-11-29 18:00:00+00:00,2024-11-29 18:00:00+00:00,2024-11-29 17:00:00+00:00,97052.95,True,55.209999084472656,0.004231613367783993,0.003270948740117019,-0.0009606646276669739,0.0009606646276669739
2024-12-02,2024-12-02 14:30:00+00:00,2024-12-02 21:00:00+00:00,2024-12-02 21:00:00+00:00,2024-12-02 20:00:00+00:00,95694.32,True,54.47999954223633,-0.01399885320332861,-0.013222234275342193,0.0007766189279864166,0.0007766189279864166
2024-12-03,2024-12-03 14:30:00+00:00,2024-12-03 21:00:00+00:00,2024-12-03 21:00:00+00:00,2024-12-03 20:00:00+00:00,95660.2,True,54.459999084472656,-0.00035655198762063467,-0.0003671156008026033,-1.0563613181968634e-05,1.0563613181968634e-05
2024-12-04,2024-12-04 14:30:00+00:00,2024-12-04 21:00:00+00:00,2024-12-04 21:00:00+00:00,2024-12-04 20:00:00+00:00,99029.44,True,56.41999816894531,0.03522091737211519,0.035989701017668185,0.000768783645552995,0.000768783645552995
2024-12-05,2024-12-05 14:30:00+00:00,2024-12-05 21:00:00+00:00,2024-12-05 21:00:00+00:00,2024-12-05 20:00:00+00:00,99143.74,True,56.400001525878906,0.0011542022251160855,-0.0003544247379542176,-0.001508626963070303,0.001508626963070303
2024-12-06,2024-12-06 14:30:00+00:00,2024-12-06 21:00:00+00:00,2024-12-06 21:00:00+00:00,2024-12-06 20:00:00+00:00,101564.38,True,57.79999923706055,0.024415459816222285,0.02482265378200843,0.00040719396578614564,0.00040719396578614564
2024-12-09,2024-12-09 14:30:00+00:00,2024-12-09 21:00:00+00:00,2024-12-09 21:00:00+00:00,2024-12-09 20:00:00+00:00,96196.76,True,54.72999954223633,-0.05284943402401521,-0.05311418227244158,-0.0002647482484263719,0.0002647482484263719
2024-12-10,2024-12-10 14:30:00+00:00,2024-12-10 21:00:00+00:00,2024-12-10 21:00:00+00:00,2024-12-10 20:00:00+00:00,96482.7,True,54.900001525878906,0.0029724493839502486,0.0031061937705916254,0.00013374438664137678,0.00013374438664137678
2024-12-11,2024-12-11 14:30:00+00:00,2024-12-11 21:00:00+00:00,2024-12-11 21:00:00+00:00,2024-12-11 20:00:00+00:00,101403.61,True,57.720001220703125,0.05100302955866698,0.051366113232163,0.000363083673496023,0.000363083673496023
2024-12-12,2024-12-12 14:30:00+00:00,2024-12-12 21:00:00+00:00,2024-12-12 21:00:00+00:00,2024-12-12 20:00:00+00:00,100054.53,True,56.91999816894531,-0.013304062843522035,-0.013860066438648455,-0.0005560035951264197,0.0005560035951264197
2024-12-13,2024-12-13 14:30:00+00:00,2024-12-13 21:00:00+00:00,2024-12-13 21:00:00+00:00,2024-12-13 20:00:00+00:00,101728.61,True,57.90999984741211,0.016731676216958924,0.01739286209265778,0.0006611858756988553,0.0006611858756988553
2024-12-16,2024-12-16 14:30:00+00:00,2024-12-16 21:00:00+00:00,2024-12-16 21:00:00+00:00,2024-12-16 20:00:00+00:00,105848.66,True,60.220001220703125,0.04050040593300164,0.03988950750090958,-0.0006108984320920552,0.0006108984320920552
2024-12-17,2024-12-17 14:30:00+00:00,2024-12-17 21:00:00+00:00,2024-12-17 21:00:00+00:00,2024-12-17 20:00:00+00:00,106726.24,True,60.72999954223633,0.008290893810086963,0.008468919149703824,0.00017802533961686073,0.00017802533961686073
2024-12-18,2024-12-18 14:30:00+00:00,2024-12-18 21:00:00+00:00,2024-12-18 21:00:00+00:00,2024-12-18 20:00:00+00:00,100699.83,True,57.18000030517578,-0.05646605745691036,-0.05845544646499801,-0.0019893890080876497,0.0019893890080876497
2024-12-19,2024-12-19 14:30:00+00:00,2024-12-19 21:00:00+00:00,2024-12-19 21:00:00+00:00,2024-12-19 20:00:00+00:00,96243.93,True,54.720001220703125,-0.044249329914459734,-0.0430220194358758,0.0012273104785839317,0.0012273104785839317
2024-12-20,2024-12-20 14:30:00+00:00,2024-12-20 21:00:00+00:00,2024-12-20 21:00:00+00:00,2024-12-20 20:00:00+00:00,96362.57,True,54.810001373291016,0.0012327011168393742,0.001644739593935629,0.00041203847709625485,0.00041203847709625485
2024-12-23,2024-12-23 14:30:00+00:00,2024-12-23 21:00:00+00:00,2024-12-23 21:00:00+00:00,2024-12-23 20:00:00+00:00,92980.11,True,52.869998931884766,-0.03510138843328903,-0.03539504456848297,-0.0002936561351939426,0.0002936561351939426
2024-12-24,2024-12-24 14:30:00+00:00,2024-12-24 18:00:00+00:00,2024-12-24 18:00:00+00:00,2024-12-24 17:00:00+00:00,98761.49,True,56.22999954223633,0.06217867455738646,0.06355212177477876,0.0013734472173922985,0.0013734472173922985
2024-12-26,2024-12-26 14:30:00+00:00,2024-12-26 21:00:00+00:00,2024-12-26 21:00:00+00:00,2024-12-26 20:00:00+00:00,95470.16,True,54.29999923706055,-0.03332604641748527,-0.03432332066312915,-0.0009972742456438866,0.0009972742456438866
2024-12-27,2024-12-27 14:30:00+00:00,2024-12-27 21:00:00+00:00,2024-12-27 21:00:00+00:00,2024-12-27 20:00:00+00:00,94444.1,True,53.68000030517578,-0.010747441923214529,-0.011418028371934286,-0.0006705864487197566,0.0006705864487197566
2024-12-30,2024-12-30 14:30:00+00:00,2024-12-30 21:00:00+00:00,2024-12-30 21:00:00+00:00,2024-12-30 20:00:00+00:00,94211.54,True,53.54999923706055,-0.002462408980550501,-0.002421778453356338,4.063052719416316e-05,4.063052719416316e-05
2024-12-31,2024-12-31 14:30:00+00:00,2024-12-31 21:00:00+00:00,2024-12-31 21:00:00+00:00,2024-12-31 20:00:00+00:00,93390.22,True,53.04999923706055,-0.00871782798582843,-0.009337068293625017,-0.0006192403077965869,0.0006192403077965869
2025-01-02,2025-01-02 14:30:00+00:00,2025-01-02 21:00:00+00:00,2025-01-02 21:00:00+00:00,2025-01-02 20:00:00+00:00,97209.38,True,55.369998931884766,0.04089464614174809,0.043732322868790474,0.002837676727042382,0.002837676727042382
2025-01-03,2025-01-03 14:30:00+00:00,2025-01-03 21:00:00+00:00,2025-01-03 21:00:00+00:00,2025-01-03 20:00:00+00:00,98300.02,True,55.959999084472656,0.011219493427486071,0.010655592630834265,-0.0005639007966518061,0.0005639007966518061
2025-01-06,2025-01-06 14:30:00+00:00,2025-01-06 21:00:00+00:00,2025-01-06 21:00:00+00:00,2025-01-06 20:00:00+00:00,102182.39,True,58.16999816894531,0.03949510895318231,0.03949247892475172,-2.6300284305946775e-06,2.6300284305946775e-06
2025-01-07,2025-01-07 14:30:00+00:00,2025-01-07 21:00:00+00:00,2025-01-07 21:00:00+00:00,2025-01-07 20:00:00+00:00,96450.93,True,54.790000915527344,-0.05609048682458895,-0.05810550730294539,-0.002015020478356444,0.002015020478356444
2025-01-08,2025-01-08 14:30:00+00:00,2025-01-08 21:00:00+00:00,2025-01-08 21:00:00+00:00,2025-01-08 20:00:00+00:00,93948.24,True,53.34000015258789,-0.02594780579098599,-0.026464696818950584,-0.0005168910279645944,0.0005168910279645944
2025-01-10,2025-01-10 14:30:00+00:00,2025-01-10 21:00:00+00:00,2025-01-10 21:00:00+00:00,2025-01-10 20:00:00+00:00,94672.29,True,53.84000015258789,0.00770690329057766,0.009373828244650717,0.0016669249540730569,0.0016669249540730569
2025-01-13,2025-01-13 14:30:00+00:00,2025-01-13 21:00:00+00:00,2025-01-13 21:00:00+00:00,2025-01-13 20:00:00+00:00,93564.5,True,53.220001220703125,-0.011701311967841854,-0.01151558191173152,0.00018573005611033366,0.00018573005611033366
2025-01-14,2025-01-14 14:30:00+00:00,2025-01-14 21:00:00+00:00,2025-01-14 21:00:00+00:00,2025-01-14 20:00:00+00:00,96447.58,True,54.83000183105469,0.030813823619000758,0.030251795817795912,-0.0005620278012048452,0.0005620278012048452
2025-01-15,2025-01-15 14:30:00+00:00,2025-01-15 21:00:00+00:00,2025-01-15 21:00:00+00:00,2025-01-15 20:00:00+00:00,99572.92,True,56.63999938964844,0.03240454555728611,0.03301107966712857,0.0006065341098424604,0.0006065341098424604
2025-01-16,2025-01-16 14:30:00+00:00,2025-01-16 21:00:00+00:00,2025-01-16 21:00:00+00:00,2025-01-16 20:00:00+00:00,100348.45,True,57.09000015258789,0.0077885633965539824,0.00794492880982789,0.00015636541327390674,0.00015636541327390674
2025-01-17,2025-01-17 14:30:00+00:00,2025-01-17 21:00:00+00:00,2025-01-17 21:00:00+00:00,2025-01-17 20:00:00+00:00,104732.3,True,59.619998931884766,0.0436862751741558,0.04431597079234173,0.0006296956181859326,0.0006296956181859326
2025-01-21,2025-01-21 14:30:00+00:00,2025-01-21 21:00:00+00:00,2025-01-21 21:00:00+00:00,2025-01-21 20:00:00+00:00,106137.11,True,60.41999816894531,0.013413340488082515,0.013418303445032587,4.962956950071984e-06,4.962956950071984e-06
2025-01-22,2025-01-22 14:30:00+00:00,2025-01-22 21:00:00+00:00,2025-01-22 21:00:00+00:00,2025-01-22 20:00:00+00:00,104313.15,True,59.380001068115234,-0.017184941251933483,-0.01721279596735603,-2.785471542254836e-05,2.785471542254836e-05
2025-01-23,2025-01-23 14:30:00+00:00,2025-01-23 21:00:00+00:00,2025-01-23 21:00:00+00:00,2025-01-23 20:00:00+00:00,103331.39,True,58.790000915527344,-0.009411660945911393,-0.00993600777997794,-0.0005243468340665469,0.0005243468340665469
2025-01-24,2025-01-24 14:30:00+00:00,2025-01-24 21:00:00+00:00,2025-01-24 21:00:00+00:00,2025-01-24 20:00:00+00:00,104870.05,True,59.70000076293945,0.014890538102700468,0.015478820092546863,0.0005882819898463953,0.0005882819898463953
2025-01-27,2025-01-27 14:30:00+00:00,2025-01-27 21:00:00+00:00,2025-01-27 21:00:00+00:00,2025-01-27 20:00:00+00:00,101352.86,True,57.66999816894531,-0.033538555574256,-0.034003393099691914,-0.0004648375254359127,0.0004648375254359127
2025-01-28,2025-01-28 14:30:00+00:00,2025-01-28 21:00:00+00:00,2025-01-28 21:00:00+00:00,2025-01-28 20:00:00+00:00,101207.91,True,57.58000183105469,-0.0014301520450433758,-0.0015605399817593124,-0.00013038793671593663,0.00013038793671593663
2025-01-29,2025-01-29 14:30:00+00:00,2025-01-29 21:00:00+00:00,2025-01-29 21:00:00+00:00,2025-01-29 20:00:00+00:00,104220.34,True,59.34000015258789,0.029764768386186358,0.030566138686435096,0.0008013703002487382,0.0008013703002487382
2025-01-30,2025-01-30 14:30:00+00:00,2025-01-30 21:00:00+00:00,2025-01-30 21:00:00+00:00,2025-01-30 20:00:00+00:00,104915.66,True,59.720001220703125,0.006671634346999911,0.0064037928402105315,-0.0002678415067893791,0.0002678415067893791
2025-01-31,2025-01-31 14:30:00+00:00,2025-01-31 21:00:00+00:00,2025-01-31 21:00:00+00:00,2025-01-31 20:00:00+00:00,101599.53,True,57.709999084472656,-0.03160757888765131,-0.03365710139224953,-0.0020495225045982224,0.0020495225045982224
2025-02-03,2025-02-03 14:30:00+00:00,2025-02-03 21:00:00+00:00,2025-02-03 21:00:00+00:00,2025-02-03 20:00:00+00:00,101209.94,True,57.58000183105469,-0.003834564982731714,-0.002252594965868715,0.001581970016862999,0.001581970016862999
2025-02-04,2025-02-04 14:30:00+00:00,2025-02-04 21:00:00+00:00,2025-02-04 21:00:00+00:00,2025-02-04 20:00:00+00:00,98697.79,True,56.130001068115234,-0.02482117863126887,-0.025182367433642994,-0.0003611888023741239,0.0003611888023741239
2025-02-05,2025-02-05 14:30:00+00:00,2025-02-05 21:00:00+00:00,2025-02-05 21:00:00+00:00,2025-02-05 20:00:00+00:00,97325.05,True,55.33000183105469,-0.01390851811372873,-0.014252613964673255,-0.00034409585094452577,0.00034409585094452577
2025-02-06,2025-02-06 14:30:00+00:00,2025-02-06 21:00:00+00:00,2025-02-06 21:00:00+00:00,2025-02-06 20:00:00+00:00,96935.46,True,55.119998931884766,-0.004002977650666484,-0.00379546163419886,0.00020751601646762374,0.00020751601646762374
2025-02-07,2025-02-07 14:30:00+00:00,2025-02-07 21:00:00+00:00,2025-02-07 21:00:00+00:00,2025-02-07 20:00:00+00:00,95776.2,True,54.470001220703125,-0.011959091131356958,-0.011792411534421121,0.000166679596935837,0.000166679596935837
2025-02-10,2025-02-10 14:30:00+00:00,2025-02-10 21:00:00+00:00,2025-02-10 21:00:00+00:00,2025-02-10 20:00:00+00:00,97374.72,True,55.380001068115234,0.016690158933012622,0.016706440738360584,1.6281805347961864e-05,1.6281805347961864e-05
2025-02-11,2025-02-11 14:30:00+00:00,2025-02-11 21:00:00+00:00,2025-02-11 21:00:00+00:00,2025-02-11 20:00:00+00:00,95279.96,True,54.11000061035156,-0.021512359676104764,-0.0229324744180055,-0.0014201147419007354,0.0014201147419007354
2025-02-12,2025-02-12 14:30:00+00:00,2025-02-12 21:00:00+00:00,2025-02-12 21:00:00+00:00,2025-02-12 20:00:00+00:00,97033.95,True,55.15999984741211,0.018408802858439488,0.01940490159336039,0.0009960987349209027,0.0009960987349209027
2025-02-13,2025-02-13 14:30:00+00:00,2025-02-13 21:00:00+00:00,2025-02-13 21:00:00+00:00,2025-02-13 20:00:00+00:00,96273.84,True,54.7400016784668,-0.00783344386165874,-0.007614180023697292,0.00021926383796144755,0.00021926383796144755
2025-02-14,2025-02-14 14:30:00+00:00,2025-02-14 21:00:00+00:00,2025-02-14 21:00:00+00:00,2025-02-14 20:00:00+00:00,97236.51,True,55.33000183105469,0.00999928952662521,0.01077822679022633,0.0007789372636011205,0.0007789372636011205
2025-02-18,2025-02-18 14:30:00+00:00,2025-02-18 21:00:00+00:00,2025-02-18 21:00:00+00:00,2025-02-18 20:00:00+00:00,94161.31,True,53.5099983215332,-0.031625980817287624,-0.03289361014443315,-0.0012676293271455252,0.0012676293271455252
2025-02-19,2025-02-19 14:30:00+00:00,2025-02-19 21:00:00+00:00,2025-02-19 21:00:00+00:00,2025-02-19 20:00:00+00:00,96162.43,True,54.650001525878906,0.02125204077980647,0.021304489630061374,5.2448850254904755e-05,5.2448850254904755e-05
2025-02-20,2025-02-20 14:30:00+00:00,2025-02-20 21:00:00+00:00,2025-02-20 21:00:00+00:00,2025-02-20 20:00:00+00:00,98512.94,True,56.040000915527344,0.024443121913620525,0.025434571836017605,0.0009914499223970807,0.0009914499223970807
2025-02-21,2025-02-21 14:30:00+00:00,2025-02-21 21:00:00+00:00,2025-02-21 21:00:00+00:00,2025-02-21 20:00:00+00:00,94937.7,True,53.91999816894531,-0.03629208508039661,-0.03783016973496567,-0.0015380846545690607,0.0015380846545690607
2025-02-24,2025-02-24 14:30:00+00:00,2025-02-24 21:00:00+00:00,2025-02-24 21:00:00+00:00,2025-02-24 20:00:00+00:00,93977.16,True,53.40999984741211,-0.010117582372439982,-0.009458426165654621,0.0006591562067853607,0.0006591562067853607
2025-02-25,2025-02-25 14:30:00+00:00,2025-02-25 21:00:00+00:00,2025-02-25 21:00:00+00:00,2025-02-25 20:00:00+00:00,88057.62,True,50.029998779296875,-0.0629891348067978,-0.06328404938722365,-0.0002949145804258535,0.0002949145804258535
2025-02-26,2025-02-26 14:30:00+00:00,2025-02-26 21:00:00+00:00,2025-02-26 21:00:00+00:00,2025-02-26 20:00:00+00:00,84264.23,True,47.959999084472656,-0.04307849791988472,-0.041375169804737544,0.0017033281151471735,0.0017033281151471735
2025-02-27,2025-02-27 14:30:00+00:00,2025-02-27 21:00:00+00:00,2025-02-27 21:00:00+00:00,2025-02-27 20:00:00+00:00,83358.53,True,47.349998474121094,-0.010748332952190909,-0.012718945412762861,-0.001970612460571952,0.001970612460571952
2025-02-28,2025-02-28 14:30:00+00:00,2025-02-28 21:00:00+00:00,2025-02-28 21:00:00+00:00,2025-02-28 20:00:00+00:00,84155.16,True,47.900001525878906,0.009556670445124205,0.011615693125278881,0.0020590226801546763,0.0020590226801546763
2025-03-03,2025-03-03 14:30:00+00:00,2025-03-03 21:00:00+00:00,2025-03-03 21:00:00+00:00,2025-03-03 20:00:00+00:00,85989.99,True,48.900001525878906,0.021802941138725274,0.02087682605729624,-0.0009261150814290353,0.0009261150814290353
2025-03-04,2025-03-04 14:30:00+00:00,2025-03-04 21:00:00+00:00,2025-03-04 21:00:00+00:00,2025-03-04 20:00:00+00:00,86813.52,True,49.38999938964844,0.00957704495604661,0.01002040589937847,0.0004433609433318608,0.0004433609433318608
2025-03-05,2025-03-05 14:30:00+00:00,2025-03-05 21:00:00+00:00,2025-03-05 21:00:00+00:00,2025-03-05 20:00:00+00:00,90499.79,True,51.439998626708984,0.0424619345005246,0.041506362874954794,-0.0009555716255698066,0.0009555716255698066
2025-03-06,2025-03-06 14:30:00+00:00,2025-03-06 21:00:00+00:00,2025-03-06 21:00:00+00:00,2025-03-06 20:00:00+00:00,89019.08,True,50.63999938964844,-0.016361474429940626,-0.015552085116992354,0.0008093893129482721,0.0008093893129482721
2025-03-07,2025-03-07 14:30:00+00:00,2025-03-07 21:00:00+00:00,2025-03-07 21:00:00+00:00,2025-03-07 20:00:00+00:00,86970.66,True,49.43000030517578,-0.023011021906764184,-0.023894137027181683,-0.0008831151204174992,0.0008831151204174992
2025-03-10,2025-03-10 13:30:00+00:00,2025-03-10 20:00:00+00:00,2025-03-10 20:00:00+00:00,2025-03-10 19:00:00+00:00,79002.84,True,44.90999984741211,-0.09161503431157136,-0.0914424525562948,0.0001725817552765685,0.0001725817552765685
2025-03-11,2025-03-11 13:30:00+00:00,2025-03-11 20:00:00+00:00,2025-03-11 20:00:00+00:00,2025-03-11 19:00:00+00:00,83071.91,True,47.2400016784668,0.0515053636046503,0.051881581807418975,0.00037621820276867446,0.00037621820276867446
2025-03-12,2025-03-12 13:30:00+00:00,2025-03-12 20:00:00+00:00,2025-03-12 20:00:00+00:00,2025-03-12 19:00:00+00:00,82893.13,True,47.150001525878906,-0.002152111345459562,-0.0019051682766750844,0.0002469430687844776,0.0002469430687844776
2025-03-13,2025-03-13 13:30:00+00:00,2025-03-13 20:00:00+00:00,2025-03-13 20:00:00+00:00,2025-03-13 19:00:00+00:00,80140.82,True,45.52000045776367,-0.033203113454637334,-0.0345705411530175,-0.0013674276983801636,0.0013674276983801636
2025-03-14,2025-03-14 13:30:00+00:00,2025-03-14 20:00:00+00:00,2025-03-14 20:00:00+00:00,2025-03-14 19:00:00+00:00,84561.86,True,48.13999938964844,0.05516589423467333,0.057557093706881,0.0023911994722076724,0.0023911994722076724
2025-03-17,2025-03-17 13:30:00+00:00,2025-03-17 20:00:00+00:00,2025-03-17 20:00:00+00:00,2025-03-17 19:00:00+00:00,84481.92,True,48.060001373291016,-0.0009453434444323117,-0.0016617785079288128,-0.0007164350634965011,0.0007164350634965011
2025-03-18,2025-03-18 13:30:00+00:00,2025-03-18 20:00:00+00:00,2025-03-18 20:00:00+00:00,2025-03-18 19:00:00+00:00,82308.47,True,46.810001373291016,-0.025726806398339352,-0.026009154479439522,-0.00028234808110016996,0.00028234808110016996
2025-03-19,2025-03-19 13:30:00+00:00,2025-03-19 20:00:00+00:00,2025-03-19 20:00:00+00:00,2025-03-19 19:00:00+00:00,85469.73,True,48.61000061035156,0.03840746887896218,0.03845330451298801,4.583563402582591e-05,4.583563402582591e-05
2025-03-20,2025-03-20 13:30:00+00:00,2025-03-20 20:00:00+00:00,2025-03-20 20:00:00+00:00,2025-03-20 19:00:00+00:00,84137.13,True,47.849998474121094,-0.015591484844985404,-0.015634686827562527,-4.320198257712349e-05,4.320198257712349e-05
2025-03-21,2025-03-21 13:30:00+00:00,2025-03-21 20:00:00+00:00,2025-03-21 20:00:00+00:00,2025-03-21 19:00:00+00:00,83918.76,True,47.70000076293945,-0.00259540585708129,-0.003134748505013274,-0.000539342647931984,0.000539342647931984
2025-03-24,2025-03-24 13:30:00+00:00,2025-03-24 20:00:00+00:00,2025-03-24 20:00:00+00:00,2025-03-24 19:00:00+00:00,88292.88,True,50.18000030517578,0.052123267788990235,0.05199160382746082,-0.00013166396152941573,0.00013166396152941573
2025-03-25,2025-03-25 13:30:00+00:00,2025-03-25 20:00:00+00:00,2025-03-25 20:00:00+00:00,2025-03-25 19:00:00+00:00,88175.6,True,50.13999938964844,-0.00132830642742654,-0.000797148570826467,0.000531157856600073,0.000531157856600073
2025-03-26,2025-03-26 13:30:00+00:00,2025-03-26 20:00:00+00:00,2025-03-26 20:00:00+00:00,2025-03-26 19:00:00+00:00,86567.47,True,49.18000030517578,-0.018237811820957295,-0.01914637208134573,-0.0009085602603884357,0.0009085602603884357
2025-03-27,2025-03-27 13:30:00+00:00,2025-03-27 20:00:00+00:00,2025-03-27 20:00:00+00:00,2025-03-27 19:00:00+00:00,87059.54,True,49.439998626708984,0.005684236815514998,0.005286667749488494,-0.0003975690660265041,0.0003975690660265041
2025-03-28,2025-03-28 13:30:00+00:00,2025-03-28 20:00:00+00:00,2025-03-28 20:00:00+00:00,2025-03-28 19:00:00+00:00,83733.93,True,47.560001373291016,-0.03819925995473905,-0.038025835470034575,0.00017342448470447636,0.00017342448470447636
2025-03-31,2025-03-31 13:30:00+00:00,2025-03-31 20:00:00+00:00,2025-03-31 20:00:00+00:00,2025-03-31 19:00:00+00:00,82443.85,True,46.810001373291016,-0.015406896583021856,-0.01576955379192202,-0.0003626572089001634,0.0003626572089001634
2025-04-01,2025-04-01 13:30:00+00:00,2025-04-01 20:00:00+00:00,2025-04-01 20:00:00+00:00,2025-04-01 19:00:00+00:00,84955.25,True,48.29999923706055,0.030461944705396427,0.03183075881342945,0.001368814108033023,0.001368814108033023
2025-04-02,2025-04-02 13:30:00+00:00,2025-04-02 20:00:00+00:00,2025-04-02 20:00:00+00:00,2025-04-02 19:00:00+00:00,86925.98,True,49.40999984741211,0.023197271504703965,0.02298137945931611,-0.00021589204538785545,0.00021589204538785545
2025-04-03,2025-04-03 13:30:00+00:00,2025-04-03 20:00:00+00:00,2025-04-03 20:00:00+00:00,2025-04-03 19:00:00+00:00,81949.14,True,46.56999969482422,-0.0572537692413706,-0.05747824653629574,-0.00022447729492514057,0.00022447729492514057
2025-04-04,2025-04-04 13:30:00+00:00,2025-04-04 20:00:00+00:00,2025-04-04 20:00:00+00:00,2025-04-04 19:00:00+00:00,83967.63,True,47.709999084472656,0.02463100894042336,0.024479265559779195,-0.00015174338064416482,0.00015174338064416482
2025-04-07,2025-04-07 13:30:00+00:00,2025-04-07 20:00:00+00:00,2025-04-07 20:00:00+00:00,2025-04-07 19:00:00+00:00,78071.42,True,44.27000045776367,-0.07022003598291393,-0.07210225723581165,-0.00188222125289772,0.00188222125289772
2025-04-08,2025-04-08 13:30:00+00:00,2025-04-08 20:00:00+00:00,2025-04-08 20:00:00+00:00,2025-04-08 19:00:00+00:00,76751.4,True,43.59000015258789,-0.016907851810560204,-0.0153602958695368,0.001547555941023404,0.001547555941023404
2025-04-09,2025-04-09 13:30:00+00:00,2025-04-09 20:00:00+00:00,2025-04-09 20:00:00+00:00,2025-04-09 19:00:00+00:00,82301.16,True,46.83000183105469,0.07230825756924308,0.07432901278102988,0.0020207552117867955,0.0020207552117867955
2025-04-10,2025-04-10 13:30:00+00:00,2025-04-10 20:00:00+00:00,2025-04-10 20:00:00+00:00,2025-04-10 19:00:00+00:00,79574.75,True,45.16999816894531,-0.03312723660274053,-0.03544743961569874,-0.0023202030129582107,0.0023202030129582107
2025-04-11,2025-04-11 13:30:00+00:00,2025-04-11 20:00:00+00:00,2025-04-11 20:00:00+00:00,2025-04-11 19:00:00+00:00,83835.8,True,47.66999816894531,0.05354776483746426,0.055346471138862485,0.001798706301398223,0.001798706301398223
2025-04-14,2025-04-14 13:30:00+00:00,2025-04-14 20:00:00+00:00,2025-04-14 20:00:00+00:00,2025-04-14 19:00:00+00:00,84918.89,True,48.279998779296875,0.012919182497214798,0.012796321245695852,-0.00012286125151894645,0.00012286125151894645
2025-04-15,2025-04-15 13:30:00+00:00,2025-04-15 20:00:00+00:00,2025-04-15 20:00:00+00:00,2025-04-15 19:00:00+00:00,83983.6,True,47.7400016784668,-0.011013921637458957,-0.011184695826082725,-0.00017077418862376792,0.00017077418862376792
2025-04-16,2025-04-16 13:30:00+00:00,2025-04-16 20:00:00+00:00,2025-04-16 20:00:00+00:00,2025-04-16 19:00:00+00:00,84338.62,True,47.959999084472656,0.004227253892426397,0.004608240432992794,0.000380986540566397,0.000380986540566397
2025-04-17,2025-04-17 13:30:00+00:00,2025-04-17 20:00:00+00:00,2025-04-17 20:00:00+00:00,2025-04-17 19:00:00+00:00,84860.31,True,48.2599983215332,0.006185659665761678,0.006255196888810488,6.953722304881005e-05,6.953722304881005e-05
2025-04-21,2025-04-21 13:30:00+00:00,2025-04-21 20:00:00+00:00,2025-04-21 20:00:00+00:00,2025-04-21 19:00:00+00:00,87416.85,True,49.720001220703125,0.03012645134103331,0.03025285847385706,0.00012640713282374705,0.00012640713282374705
2025-04-22,2025-04-22 13:30:00+00:00,2025-04-22 20:00:00+00:00,2025-04-22 20:00:00+00:00,2025-04-22 19:00:00+00:00,91497.04,True,52.08000183105469,0.046675097535543664,0.047465819638171425,0.0007907221026277611,0.0007907221026277611
2025-04-23,2025-04-23 13:30:00+00:00,2025-04-23 20:00:00+00:00,2025-04-23 20:00:00+00:00,2025-04-23 19:00:00+00:00,93558.79,True,53.20000076293945,0.022533515838326634,0.021505355078864863,-0.0010281607594617714,0.0010281607594617714
2025-04-24,2025-04-24 13:30:00+00:00,2025-04-24 20:00:00+00:00,2025-04-24 20:00:00+00:00,2025-04-24 19:00:00+00:00,93618.4,True,53.2599983215332,0.00063713949271893,0.0011277736416039907,0.0004906341488850607,0.0004906341488850607
2025-04-25,2025-04-25 13:30:00+00:00,2025-04-25 20:00:00+00:00,2025-04-25 20:00:00+00:00,2025-04-25 19:00:00+00:00,95423.14,True,54.27000045776367,0.019277620638677995,0.018963615622611174,-0.00031400501606682063,0.00031400501606682063
2025-04-28,2025-04-28 13:30:00+00:00,2025-04-28 20:00:00+00:00,2025-04-28 20:00:00+00:00,2025-04-28 19:00:00+00:00,94813.63,True,53.880001068115234,-0.0063874443871789754,-0.007186279461190659,-0.0007988350740116834,0.0007988350740116834
2025-04-29,2025-04-29 13:30:00+00:00,2025-04-29 20:00:00+00:00,2025-04-29 20:00:00+00:00,2025-04-29 19:00:00+00:00,95349.42,True,54.220001220703125,0.005650980771435332,0.00631032193481329,0.0006593411633779578,0.0006593411633779578
2025-04-30,2025-04-30 13:30:00+00:00,2025-04-30 20:00:00+00:00,2025-04-30 20:00:00+00:00,2025-04-30 19:00:00+00:00,94157.42,True,53.5099983215332,-0.012501387003717501,-0.013094852142843894,-0.0005934651391263923,0.0005934651391263923
2025-05-01,2025-05-01 13:30:00+00:00,2025-05-01 20:00:00+00:00,2025-05-01 20:00:00+00:00,2025-05-01 19:00:00+00:00,96588.48,True,54.95000076293945,0.025819101670372824,0.026910904252949175,0.001091802582576351,0.001091802582576351
2025-05-02,2025-05-02 13:30:00+00:00,2025-05-02 20:00:00+00:00,2025-05-02 20:00:00+00:00,2025-05-02 19:00:00+00:00,96966.7,True,55.189998626708984,0.003915787886919819,0.0043675679788415245,0.0004517800919217052,0.0004517800919217052
2025-05-05,2025-05-05 13:30:00+00:00,2025-05-05 20:00:00+00:00,2025-05-05 20:00:00+00:00,2025-05-05 19:00:00+00:00,94348.18,True,53.630001068115234,-0.02700432210233006,-0.02826594668257154,-0.0012616245802414827,0.0012616245802414827
2025-05-06,2025-05-06 13:30:00+00:00,2025-05-06 20:00:00+00:00,2025-05-06 20:00:00+00:00,2025-05-06 19:00:00+00:00,94977.68,True,53.970001220703125,0.006672094787625982,0.006339737941754908,-0.0003323568458710735,0.0003323568458710735
2025-05-07,2025-05-07 13:30:00+00:00,2025-05-07 20:00:00+00:00,2025-05-07 20:00:00+00:00,2025-05-07 19:00:00+00:00,96208.29,True,54.68000030517578,0.012956833647652877,0.013155439474036967,0.00019860582638409063,0.00019860582638409063
2025-05-08,2025-05-08 13:30:00+00:00,2025-05-08 20:00:00+00:00,2025-05-08 20:00:00+00:00,2025-05-08 19:00:00+00:00,101335.87,True,57.619998931884766,0.053296654581429515,0.05376734839613184,0.00047069381470232763,0.00047069381470232763
2025-05-09,2025-05-09 13:30:00+00:00,2025-05-09 20:00:00+00:00,2025-05-09 20:00:00+00:00,2025-05-09 19:00:00+00:00,103229.28,True,58.65999984741211,0.01868449937815697,0.01804930466515242,-0.0006351947130045499,0.0006351947130045499
2025-05-12,2025-05-12 13:30:00+00:00,2025-05-12 20:00:00+00:00,2025-05-12 20:00:00+00:00,2025-05-12 19:00:00+00:00,101850.92,True,57.880001068115234,-0.013352413191296097,-0.013296944789052634,5.546840224346372e-05,5.546840224346372e-05
2025-05-13,2025-05-13 13:30:00+00:00,2025-05-13 20:00:00+00:00,2025-05-13 20:00:00+00:00,2025-05-13 19:00:00+00:00,104836.64,True,59.619998931884766,0.02931461002021396,0.030062160187624087,0.000747550167410127,0.000747550167410127
2025-05-14,2025-05-14 13:30:00+00:00,2025-05-14 20:00:00+00:00,2025-05-14 20:00:00+00:00,2025-05-14 19:00:00+00:00,103302.0,True,58.7400016784668,-0.014638393599794908,-0.01476010179777687,-0.00012170819798196231,0.00012170819798196231
2025-05-15,2025-05-15 13:30:00+00:00,2025-05-15 20:00:00+00:00,2025-05-15 20:00:00+00:00,2025-05-15 19:00:00+00:00,103179.6,True,58.66999816894531,-0.0011848754138350515,-0.0011917519155799638,-6.876501744912389e-06,6.876501744912389e-06
2025-05-16,2025-05-16 13:30:00+00:00,2025-05-16 20:00:00+00:00,2025-05-16 20:00:00+00:00,2025-05-16 19:00:00+00:00,104069.32,True,59.20000076293945,0.008623022380393142,0.009033622132865071,0.0004105997524719296,0.0004105997524719296
2025-05-19,2025-05-19 13:30:00+00:00,2025-05-19 20:00:00+00:00,2025-05-19 20:00:00+00:00,2025-05-19 19:00:00+00:00,105556.13,True,59.9900016784668,0.014286727346733974,0.013344609887604886,-0.0009421174591290882,0.0009421174591290882
2025-05-20,2025-05-20 13:30:00+00:00,2025-05-20 20:00:00+00:00,2025-05-20 20:00:00+00:00,2025-05-20 19:00:00+00:00,107086.17,True,60.90999984741211,0.014495036905956882,0.01533585836313689,0.0008408214571800077,0.0008408214571800077
2025-05-21,2025-05-21 13:30:00+00:00,2025-05-21 20:00:00+00:00,2025-05-21 20:00:00+00:00,2025-05-21 19:00:00+00:00,108675.07,True,61.790000915527344,0.014837583602065552,0.014447563131173125,-0.0003900204708924271,0.0003900204708924271
2025-05-22,2025-05-22 13:30:00+00:00,2025-05-22 20:00:00+00:00,2025-05-22 20:00:00+00:00,2025-05-22 19:00:00+00:00,111241.94,True,63.22999954223633,0.023619676527468547,0.02330471929718203,-0.0003149572302865167,0.0003149572302865167
2025-05-23,2025-05-23 13:30:00+00:00,2025-05-23 20:00:00+00:00,2025-05-23 20:00:00+00:00,2025-05-23 19:00:00+00:00,108747.25,True,61.83000183105469,-0.022425804512219094,-0.022141352543367798,0.00028445196885129587,0.00028445196885129587
2025-05-27,2025-05-27 13:30:00+00:00,2025-05-27 20:00:00+00:00,2025-05-27 20:00:00+00:00,2025-05-27 19:00:00+00:00,109938.56,True,62.5,0.01095485173188293,0.010836133739345888,-0.00011871799253704296,0.00011871799253704296
2025-05-28,2025-05-28 13:30:00+00:00,2025-05-28 20:00:00+00:00,2025-05-28 20:00:00+00:00,2025-05-28 19:00:00+00:00,106956.19,True,60.790000915527344,-0.027127606546783922,-0.027359985351562477,-0.00023237880477855466,0.00023237880477855466
2025-05-29,2025-05-29 13:30:00+00:00,2025-05-29 20:00:00+00:00,2025-05-29 20:00:00+00:00,2025-05-29 19:00:00+00:00,105744.47,True,59.9900016784668,-0.011329124569601778,-0.013160046471659248,-0.0018309219020574696,0.0018309219020574696
2025-05-30,2025-05-30 13:30:00+00:00,2025-05-30 20:00:00+00:00,2025-05-30 20:00:00+00:00,2025-05-30 19:00:00+00:00,104651.99,True,59.459999084472656,-0.010331320399071475,-0.008834848794218031,0.0014964716048534443,0.0014964716048534443
2025-06-02,2025-06-02 13:30:00+00:00,2025-06-02 20:00:00+00:00,2025-06-02 20:00:00+00:00,2025-06-02 19:00:00+00:00,104470.22,True,59.36000061035156,-0.001736899604106945,-0.0016817772563203492,5.512234778659586e-05,5.512234778659586e-05
2025-06-03,2025-06-03 13:30:00+00:00,2025-06-03 20:00:00+00:00,2025-06-03 20:00:00+00:00,2025-06-03 19:00:00+00:00,106301.7,True,60.400001525878906,0.01753112035180937,0.017520230876580944,-1.0889475228426093e-05,1.0889475228426093e-05
2025-06-04,2025-06-04 13:30:00+00:00,2025-06-04 20:00:00+00:00,2025-06-04 20:00:00+00:00,2025-06-04 19:00:00+00:00,104961.64,True,59.63999938964844,-0.012606195385398311,-0.012582816507129335,2.337887826897589e-05,2.337887826897589e-05
2025-06-05,2025-06-05 13:30:00+00:00,2025-06-05 20:00:00+00:00,2025-06-05 20:00:00+00:00,2025-06-05 19:00:00+00:00,101908.77,True,57.869998931884766,-0.02908557831222902,-0.02967807638963338,-0.0005924980774043576,0.0005924980774043576
2025-06-06,2025-06-06 13:30:00+00:00,2025-06-06 20:00:00+00:00,2025-06-06 20:00:00+00:00,2025-06-06 19:00:00+00:00,104304.24,True,59.2599983215332,0.02350602406446467,0.024019343620250044,0.0005133195557853742,0.0005133195557853742
2025-06-09,2025-06-09 13:30:00+00:00,2025-06-09 20:00:00+00:00,2025-06-09 20:00:00+00:00,2025-06-09 19:00:00+00:00,108679.24,True,61.77000045776367,0.04194460359425456,0.0423557578016065,0.0004111542073519381,0.0004111542073519381
2025-06-10,2025-06-10 13:30:00+00:00,2025-06-10 20:00:00+00:00,2025-06-10 20:00:00+00:00,2025-06-10 19:00:00+00:00,109533.92,True,62.290000915527344,0.007864243437845087,0.00841833339663367,0.0005540899587885839,0.0005540899587885839
2025-06-11,2025-06-11 13:30:00+00:00,2025-06-11 20:00:00+00:00,2025-06-11 20:00:00+00:00,2025-06-11 19:00:00+00:00,108768.9,True,61.84000015258789,-0.006984320473511829,-0.007224285701162625,-0.00023996522765079575,0.00023996522765079575
2025-06-12,2025-06-12 13:30:00+00:00,2025-06-12 20:00:00+00:00,2025-06-12 20:00:00+00:00,2025-06-12 19:00:00+00:00,106828.55,True,60.70000076293945,-0.017839198520900656,-0.01843466020109208,-0.0005954616801914225,0.0005954616801914225
2025-06-13,2025-06-13 13:30:00+00:00,2025-06-13 20:00:00+00:00,2025-06-13 20:00:00+00:00,2025-06-13 19:00:00+00:00,105153.75,True,59.7400016784668,-0.01567745700938561,-0.01581547071509737,-0.0001380137057117592,0.0001380137057117592
2025-06-16,2025-06-16 13:30:00+00:00,2025-06-16 20:00:00+00:00,2025-06-16 20:00:00+00:00,2025-06-16 19:00:00+00:00,108699.51,True,61.79999923706055,0.033719767483327834,0.03448271678466108,0.0007629493013332489,0.0007629493013332489
2025-06-17,2025-06-17 13:30:00+00:00,2025-06-17 20:00:00+00:00,2025-06-17 20:00:00+00:00,2025-06-17 19:00:00+00:00,104705.02,True,59.5,-0.03674800373985121,-0.037216816593118485,-0.0004688128532672753,0.0004688128532672753
2025-06-18,2025-06-18 13:30:00+00:00,2025-06-18 20:00:00+00:00,2025-06-18 20:00:00+00:00,2025-06-18 19:00:00+00:00,103818.67,True,58.970001220703125,-0.008465210168528747,-0.008907542509191124,-0.0004423323406623769,0.0004423323406623769
2025-06-20,2025-06-20 13:30:00+00:00,2025-06-20 20:00:00+00:00,2025-06-20 20:00:00+00:00,2025-06-20 19:00:00+00:00,103326.33,True,58.66999816894531,-0.004742306947295716,-0.005087384187682287,-0.00034507724038657095,0.00034507724038657095
2025-06-23,2025-06-23 13:30:00+00:00,2025-06-23 20:00:00+00:00,2025-06-23 20:00:00+00:00,2025-06-23 19:00:00+00:00,103243.85,True,58.66999816894531,-0.0007982476489777346,0.0,0.0007982476489777346,0.0007982476489777346
2025-06-24,2025-06-24 13:30:00+00:00,2025-06-24 20:00:00+00:00,2025-06-24 20:00:00+00:00,2025-06-24 19:00:00+00:00,105710.77,True,60.060001373291016,0.02389411088408644,0.02369189104698921,-0.00020221983709722835,0.00020221983709722835
2025-06-25,2025-06-25 13:30:00+00:00,2025-06-25 20:00:00+00:00,2025-06-25 20:00:00+00:00,2025-06-25 19:00:00+00:00,107836.0,True,61.275001525878906,0.020104195627370647,0.020229772307800875,0.0001255766804302283,0.0001255766804302283
2025-06-26,2025-06-26 13:30:00+00:00,2025-06-26 20:00:00+00:00,2025-06-26 20:00:00+00:00,2025-06-26 19:00:00+00:00,107584.79,True,61.13999938964844,-0.002329555992433008,-0.002203217182678463,0.0001263388097545448,0.0001263388097545448
2025-06-27,2025-06-27 13:30:00+00:00,2025-06-27 20:00:00+00:00,2025-06-27 20:00:00+00:00,2025-06-27 19:00:00+00:00,106851.43,True,60.720001220703125,-0.006816576952931697,-0.006869450002258581,-5.287304932688475e-05,5.287304932688475e-05
2025-06-30,2025-06-30 13:30:00+00:00,2025-06-30 20:00:00+00:00,2025-06-30 20:00:00+00:00,2025-06-30 19:00:00+00:00,107751.68,True,61.209999084472656,0.008425249900726683,0.008069793378107759,-0.00035545652261892435,0.00035545652261892435
2025-07-01,2025-07-01 13:30:00+00:00,2025-07-01 20:00:00+00:00,2025-07-01 20:00:00+00:00,2025-07-01 19:00:00+00:00,105403.99,True,59.84000015258789,-0.021787966554210447,-0.022381946616174653,-0.0005939800619642055,0.0005939800619642055
2025-07-02,2025-07-02 13:30:00+00:00,2025-07-02 20:00:00+00:00,2025-07-02 20:00:00+00:00,2025-07-02 19:00:00+00:00,109755.27,True,62.41999816894531,0.04128192870118097,0.04311494000298466,0.0018330113018036887,0.0018330113018036887
2025-07-03,2025-07-03 13:30:00+00:00,2025-07-03 17:00:00+00:00,2025-07-03 17:00:00+00:00,2025-07-03 16:00:00+00:00,109316.08,True,62.189998626708984,-0.0040015390604933865,-0.003684709211522419,0.00031682984897096755,0.00031682984897096755
2025-07-07,2025-07-07 13:30:00+00:00,2025-07-07 20:00:00+00:00,2025-07-07 20:00:00+00:00,2025-07-07 19:00:00+00:00,108058.12,True,61.400001525878906,-0.011507547654471373,-0.012702960576860267,-0.0011954129223888943,0.0011954129223888943
2025-07-08,2025-07-08 13:30:00+00:00,2025-07-08 20:00:00+00:00,2025-07-08 20:00:00+00:00,2025-07-08 19:00:00+00:00,108781.37,True,61.81999969482422,0.006693157349026535,0.006840360887748309,0.00014720353872177405,0.00014720353872177405
2025-07-09,2025-07-09 13:30:00+00:00,2025-07-09 20:00:00+00:00,2025-07-09 20:00:00+00:00,2025-07-09 19:00:00+00:00,111792.0,True,63.58000183105469,0.027675970618866064,0.02846978558587443,0.0007938149670083661,0.0007938149670083661
2025-07-10,2025-07-10 13:30:00+00:00,2025-07-10 20:00:00+00:00,2025-07-10 20:00:00+00:00,2025-07-10 19:00:00+00:00,113399.95,True,64.5,0.014383408472878223,0.01446992989069007,8.652141781184675e-05,8.652141781184675e-05
2025-07-11,2025-07-11 13:30:00+00:00,2025-07-11 20:00:00+00:00,2025-07-11 20:00:00+00:00,2025-07-11 19:00:00+00:00,118191.06,True,67.20999908447266,0.04224966589491452,0.04201548968174662,-0.0002341762131679026,0.0002341762131679026
2025-07-14,2025-07-14 13:30:00+00:00,2025-07-14 20:00:00+00:00,2025-07-14 20:00:00+00:00,2025-07-14 19:00:00+00:00,119945.25,True,68.18000030517578,0.014841985510579248,0.014432394493622658,-0.0004095910169565897,0.0004095910169565897
2025-07-15,2025-07-15 13:30:00+00:00,2025-07-15 20:00:00+00:00,2025-07-15 20:00:00+00:00,2025-07-15 19:00:00+00:00,116410.21,True,66.16000366210938,-0.029472113318368076,-0.02962740736322733,-0.00015529404485925546,0.00015529404485925546
2025-07-16,2025-07-16 13:30:00+00:00,2025-07-16 20:00:00+00:00,2025-07-16 20:00:00+00:00,2025-07-16 19:00:00+00:00,119304.15,True,67.83000183105469,0.02485984691548948,0.025241808895209328,0.000381961979719847,0.000381961979719847
2025-07-17,2025-07-17 13:30:00+00:00,2025-07-17 20:00:00+00:00,2025-07-17 20:00:00+00:00,2025-07-17 19:00:00+00:00,119032.03,True,67.6500015258789,-0.0022808929949209578,-0.002653697483660844,-0.00037280448873988625,0.00037280448873988625
2025-07-18,2025-07-18 13:30:00+00:00,2025-07-18 20:00:00+00:00,2025-07-18 20:00:00+00:00,2025-07-18 19:00:00+00:00,117426.36,True,66.68000030517578,-0.013489394409219035,-0.014338524742413483,-0.0008491303331944478,0.0008491303331944478
2025-07-21,2025-07-21 13:30:00+00:00,2025-07-21 20:00:00+00:00,2025-07-21 20:00:00+00:00,2025-07-21 19:00:00+00:00,116782.87,True,66.33000183105469,-0.005479945048113555,-0.005248927302328288,0.0002310177457852669,0.0002310177457852669
2025-07-22,2025-07-22 13:30:00+00:00,2025-07-22 20:00:00+00:00,2025-07-22 20:00:00+00:00,2025-07-22 19:00:00+00:00,119326.44,True,67.81999969482422,0.021780334735736595,0.022463407547682834,0.0006830728119462393,0.0006830728119462393
2025-07-23,2025-07-23 13:30:00+00:00,2025-07-23 20:00:00+00:00,2025-07-23 20:00:00+00:00,2025-07-23 19:00:00+00:00,118458.67,True,67.29000091552734,-0.007272235725795606,-0.007814785928660584,-0.0005425502028649776,0.0005425502028649776
2025-07-24,2025-07-24 13:30:00+00:00,2025-07-24 20:00:00+00:00,2025-07-24 20:00:00+00:00,2025-07-24 19:00:00+00:00,119030.64,True,67.66000366210938,0.004828435098925166,0.0054986289426048884,0.0006701938436797228,0.0006701938436797228
2025-07-25,2025-07-25 13:30:00+00:00,2025-07-25 20:00:00+00:00,2025-07-25 20:00:00+00:00,2025-07-25 19:00:00+00:00,116721.63,True,66.36000061035156,-0.01939845068463042,-0.0192137597013734,0.00018469098325701871,0.00018469098325701871
2025-07-28,2025-07-28 13:30:00+00:00,2025-07-28 20:00:00+00:00,2025-07-28 20:00:00+00:00,2025-07-28 19:00:00+00:00,118066.31,True,67.0999984741211,0.011520401145871606,0.011151263667319666,-0.0003691374785519397,0.0003691374785519397
2025-07-29,2025-07-29 13:30:00+00:00,2025-07-29 20:00:00+00:00,2025-07-29 20:00:00+00:00,2025-07-29 19:00:00+00:00,117483.28,True,66.70999908447266,-0.004938157210130467,-0.005812211602342354,-0.0008740543922118871,0.0008740543922118871
2025-07-30,2025-07-30 13:30:00+00:00,2025-07-30 20:00:00+00:00,2025-07-30 20:00:00+00:00,2025-07-30 19:00:00+00:00,116900.01,True,66.37000274658203,-0.004964706467167068,-0.005096632327338146,-0.0001319258601710782,0.0001319258601710782
2025-07-31,2025-07-31 13:30:00+00:00,2025-07-31 20:00:00+00:00,2025-07-31 20:00:00+00:00,2025-07-31 19:00:00+00:00,116757.77,True,66.31999969482422,-0.0012167663629797376,-0.0007533983680659828,0.0004633679949137548,0.0004633679949137548
2025-08-01,2025-08-01 13:30:00+00:00,2025-08-01 20:00:00+00:00,2025-08-01 20:00:00+00:00,2025-08-01 19:00:00+00:00,113247.92,True,64.22000122070312,-0.030060954401578632,-0.031664633350186544,-0.0016036789486079117,0.0016036789486079117
2025-08-04,2025-08-04 13:30:00+00:00,2025-08-04 20:00:00+00:00,2025-08-04 20:00:00+00:00,2025-08-04 19:00:00+00:00,114746.95,True,65.19999694824219,0.013236711102508458,0.015259976781550222,0.0020232656790417636,0.0020232656790417636
2025-08-05,2025-08-05 13:30:00+00:00,2025-08-05 20:00:00+00:00,2025-08-05 20:00:00+00:00,2025-08-05 19:00:00+00:00,113602.75,True,64.55000305175781,-0.009971506867938462,-0.009969232007792317,2.2748601461453077e-06,2.2748601461453077e-06
2025-08-06,2025-08-06 13:30:00+00:00,2025-08-06 20:00:00+00:00,2025-08-06 20:00:00+00:00,2025-08-06 19:00:00+00:00,115295.57,True,65.51000213623047,0.014901223781994766,0.014872177212801985,-2.9046569192781035e-05,2.9046569192781035e-05
2025-08-07,2025-08-07 13:30:00+00:00,2025-08-07 20:00:00+00:00,2025-08-07 20:00:00+00:00,2025-08-07 19:00:00+00:00,117525.79,True,66.83000183105469,0.01934350122905837,0.0201495901660822,0.00080608893702383,0.00080608893702383
2025-08-08,2025-08-08 13:30:00+00:00,2025-08-08 20:00:00+00:00,2025-08-08 20:00:00+00:00,2025-08-08 19:00:00+00:00,116467.8,True,66.12999725341797,-0.009002194326879098,-0.010474406081961818,-0.0014722117550827196,0.0014722117550827196
2025-08-11,2025-08-11 13:30:00+00:00,2025-08-11 20:00:00+00:00,2025-08-11 20:00:00+00:00,2025-08-11 19:00:00+00:00,119068.36,True,67.63999938964844,0.022328574936591794,0.022833845439974354,0.00050527050338256,0.00050527050338256
2025-08-12,2025-08-12 13:30:00+00:00,2025-08-12 20:00:00+00:00,2025-08-12 20:00:00+00:00,2025-08-12 19:00:00+00:00,119655.97,True,67.94999694824219,0.004935064193376082,0.00458305087804578,-0.0003520133153303018,0.0003520133153303018
2025-08-13,2025-08-13 13:30:00+00:00,2025-08-13 20:00:00+00:00,2025-08-13 20:00:00+00:00,2025-08-13 19:00:00+00:00,122804.64,True,69.83999633789062,0.026314357737436733,0.02781456180326325,0.0015002040658265159,0.0015002040658265159
2025-08-14,2025-08-14 13:30:00+00:00,2025-08-14 20:00:00+00:00,2025-08-14 20:00:00+00:00,2025-08-14 19:00:00+00:00,117997.18,True,67.02999877929688,-0.03914721789013842,-0.04023478960392257,-0.0010875717137841523,0.0010875717137841523
2025-08-15,2025-08-15 13:30:00+00:00,2025-08-15 20:00:00+00:00,2025-08-15 20:00:00+00:00,2025-08-15 19:00:00+00:00,116997.52,True,66.44000244140625,-0.008471897379242366,-0.008801974468674034,-0.00033007708943166847,0.00033007708943166847
2025-08-18,2025-08-18 13:30:00+00:00,2025-08-18 20:00:00+00:00,2025-08-18 20:00:00+00:00,2025-08-18 19:00:00+00:00,116365.53,True,66.05000305175781,-0.005401738430011238,-0.005869948454507945,-0.0004682100244967069,0.0004682100244967069
2025-08-19,2025-08-19 13:30:00+00:00,2025-08-19 20:00:00+00:00,2025-08-19 20:00:00+00:00,2025-08-19 19:00:00+00:00,113105.4,True,64.19000244140625,-0.02801628626621655,-0.028160492421083427,-0.00014420615486687716,0.00014420615486687716
2025-08-20,2025-08-20 13:30:00+00:00,2025-08-20 20:00:00+00:00,2025-08-20 20:00:00+00:00,2025-08-20 19:00:00+00:00,114279.3,True,64.9000015258789,0.010378814804598235,0.01106089823132117,0.0006820834267229348,0.0006820834267229348
2025-08-21,2025-08-21 13:30:00+00:00,2025-08-21 20:00:00+00:00,2025-08-21 20:00:00+00:00,2025-08-21 19:00:00+00:00,112160.29,True,63.689998626708984,-0.01854237819097604,-0.018644112029603477,-0.00010173383862743801,0.00010173383862743801
2025-08-22,2025-08-22 13:30:00+00:00,2025-08-22 20:00:00+00:00,2025-08-22 20:00:00+00:00,2025-08-22 19:00:00+00:00,116648.95,True,66.25,0.04002004631050804,0.0401947154732305,0.0001746691627224628,0.0001746691627224628
2025-08-25,2025-08-25 13:30:00+00:00,2025-08-25 20:00:00+00:00,2025-08-25 20:00:00+00:00,2025-08-25 19:00:00+00:00,110693.42,True,62.880001068115234,-0.05105515308967634,-0.050867908405807793,0.0001872446838685482,0.0001872446838685482
2025-08-26,2025-08-26 13:30:00+00:00,2025-08-26 20:00:00+00:00,2025-08-26 20:00:00+00:00,2025-08-26 19:00:00+00:00,111125.26,True,63.099998474121094,0.003901225565169142,0.003498686422850783,-0.00040253914231835886,0.00040253914231835886
2025-08-27,2025-08-27 13:30:00+00:00,2025-08-27 20:00:00+00:00,2025-08-27 20:00:00+00:00,2025-08-27 19:00:00+00:00,112078.96,True,63.650001525878906,0.008582207141742737,0.008716371870965745,0.00013416472922300748,0.00013416472922300748
2025-08-28,2025-08-28 13:30:00+00:00,2025-08-28 20:00:00+00:00,2025-08-28 20:00:00+00:00,2025-08-28 19:00:00+00:00,111905.45,True,63.58000183105469,-0.001548105014536283,-0.0010997595152572037,0.0004483454992790792,0.0004483454992790792
2025-08-29,2025-08-29 13:30:00+00:00,2025-08-29 20:00:00+00:00,2025-08-29 20:00:00+00:00,2025-08-29 19:00:00+00:00,108213.98,True,61.439998626708984,-0.03298740141789347,-0.03365843256865797,-0.0006710311507645006,0.0006710311507645006
2025-09-02,2025-09-02 13:30:00+00:00,2025-09-02 20:00:00+00:00,2025-09-02 20:00:00+00:00,2025-09-02 19:00:00+00:00,110809.89,True,62.970001220703125,0.023988675030712336,0.02490238652656851,0.0009137114958561732,0.0009137114958561732
2025-09-03,2025-09-03 13:30:00+00:00,2025-09-03 20:00:00+00:00,2025-09-03 20:00:00+00:00,2025-09-03 19:00:00+00:00,112240.18,True,63.77000045776367,0.012907602380978656,0.012704450080231577,-0.00020315230074707813,0.00020315230074707813
2025-09-04,2025-09-04 13:30:00+00:00,2025-09-04 20:00:00+00:00,2025-09-04 20:00:00+00:00,2025-09-04 19:00:00+00:00,109808.31,True,62.349998474121094,-0.021666661617969596,-0.022267554860424976,-0.0006008932424553803,0.0006008932424553803
2025-09-05,2025-09-05 13:30:00+00:00,2025-09-05 20:00:00+00:00,2025-09-05 20:00:00+00:00,2025-09-05 19:00:00+00:00,111630.22,True,63.41999816894531,0.016591731536529375,0.017161182373858885,0.0005694508373295104,0.0005694508373295104
2025-09-08,2025-09-08 13:30:00+00:00,2025-09-08 20:00:00+00:00,2025-09-08 20:00:00+00:00,2025-09-08 19:00:00+00:00,112107.76,True,63.70000076293945,0.00427787385888867,0.004415052066829794,0.00013717820794112434,0.00013717820794112434
2025-09-09,2025-09-09 13:30:00+00:00,2025-09-09 20:00:00+00:00,2025-09-09 20:00:00+00:00,2025-09-09 19:00:00+00:00,111305.71,True,63.220001220703125,-0.007154277277505061,-0.00753531454454226,-0.00038103726703719865,0.00038103726703719865
2025-09-10,2025-09-10 13:30:00+00:00,2025-09-10 20:00:00+00:00,2025-09-10 20:00:00+00:00,2025-09-10 19:00:00+00:00,113610.0,True,64.52999877929688,0.020702352107542232,0.020721251713053723,1.8899605511490947e-05,1.8899605511490947e-05
2025-09-11,2025-09-11 13:30:00+00:00,2025-09-11 20:00:00+00:00,2025-09-11 20:00:00+00:00,2025-09-11 19:00:00+00:00,114464.0,True,65.02999877929688,0.007516943930991893,0.007748334254740641,0.00023139032374874802,0.00023139032374874802
2025-09-12,2025-09-12 13:30:00+00:00,2025-09-12 20:00:00+00:00,2025-09-12 20:00:00+00:00,2025-09-12 19:00:00+00:00,116793.73,True,66.37999725341797,0.020353386217500713,0.02075962631804451,0.00040624010054379767,0.00040624010054379767
2025-09-15,2025-09-15 13:30:00+00:00,2025-09-15 20:00:00+00:00,2025-09-15 20:00:00+00:00,2025-09-15 19:00:00+00:00,115327.01,True,65.5,-0.012558208390125114,-0.01325696429390344,-0.0006987559037783253,0.0006987559037783253
2025-09-16,2025-09-16 13:30:00+00:00,2025-09-16 20:00:00+00:00,2025-09-16 20:00:00+00:00,2025-09-16 19:00:00+00:00,116866.13,True,66.37000274658203,0.013345702797636028,0.013282484680641637,-6.321811699439017e-05,6.321811699439017e-05
2025-09-17,2025-09-17 13:30:00+00:00,2025-09-17 20:00:00+00:00,2025-09-17 20:00:00+00:00,2025-09-17 19:00:00+00:00,115699.28,True,65.66999816894531,-0.009984501069728258,-0.010547002390666083,-0.0005625013209378249,0.0005625013209378249
2025-09-18,2025-09-18 13:30:00+00:00,2025-09-18 20:00:00+00:00,2025-09-18 20:00:00+00:00,2025-09-18 19:00:00+00:00,117503.13,True,66.75,0.015590848966389403,0.01644589403331831,0.0008550450669289056,0.0008550450669289056
2025-09-19,2025-09-19 13:30:00+00:00,2025-09-19 20:00:00+00:00,2025-09-19 20:00:00+00:00,2025-09-19 19:00:00+00:00,115166.0,True,65.37000274658203,-0.0198899382510066,-0.020674116156074396,-0.0007841779050677955,0.0007841779050677955
2025-09-22,2025-09-22 13:30:00+00:00,2025-09-22 20:00:00+00:00,2025-09-22 20:00:00+00:00,2025-09-22 19:00:00+00:00,112192.0,True,63.650001525878906,-0.025823593768994346,-0.026311781374264376,-0.0004881876052700296,0.0004881876052700296
2025-09-23,2025-09-23 13:30:00+00:00,2025-09-23 20:00:00+00:00,2025-09-23 20:00:00+00:00,2025-09-23 19:00:00+00:00,111679.02,True,63.40999984741211,-0.0045723402738162555,-0.00377064686116646,0.0008016934126497954,0.0008016934126497954
2025-09-24,2025-09-24 13:30:00+00:00,2025-09-24 20:00:00+00:00,2025-09-24 20:00:00+00:00,2025-09-24 19:00:00+00:00,113477.89,True,64.41999816894531,0.016107501659667012,0.01592806062077967,-0.0001794410388873402,0.0001794410388873402
2025-09-25,2025-09-25 13:30:00+00:00,2025-09-25 20:00:00+00:00,2025-09-25 20:00:00+00:00,2025-09-25 19:00:00+00:00,109391.38,True,62.099998474121094,-0.036011508497382105,-0.03601365664028555,-2.1481429034464483e-06,2.1481429034464483e-06
2025-09-26,2025-09-26 13:30:00+00:00,2025-09-26 20:00:00+00:00,2025-09-26 20:00:00+00:00,2025-09-26 19:00:00+00:00,109218.56,True,61.939998626708984,-0.0015798319757919232,-0.0025764871391870114,-0.0009966551633950882,0.0009966551633950882
2025-09-29,2025-09-29 13:30:00+00:00,2025-09-29 20:00:00+00:00,2025-09-29 20:00:00+00:00,2025-09-29 19:00:00+00:00,114325.41,True,64.97000122070312,0.04675807848043423,0.04891835100376607,0.002160272523331841,0.002160272523331841
2025-09-30,2025-09-30 13:30:00+00:00,2025-09-30 20:00:00+00:00,2025-09-30 20:00:00+00:00,2025-09-30 19:00:00+00:00,114378.49,True,65.0,0.00046428873511139557,0.00046173278025607445,-2.5559548553211187e-06,2.5559548553211187e-06
2025-10-01,2025-10-01 13:30:00+00:00,2025-10-01 20:00:00+00:00,2025-10-01 20:00:00+00:00,2025-10-01 19:00:00+00:00,117501.25,True,66.73999786376953,0.0273019865885622,0.02676919790414667,-0.0005327886844155305,0.0005327886844155305
2025-10-02,2025-10-02 13:30:00+00:00,2025-10-02 20:00:00+00:00,2025-10-02 20:00:00+00:00,2025-10-02 19:00:00+00:00,120932.04,True,68.7699966430664,0.029197902149977084,0.030416524487167917,0.0012186223371908333,0.0012186223371908333
2025-10-03,2025-10-03 13:30:00+00:00,2025-10-03 20:00:00+00:00,2025-10-03 20:00:00+00:00,2025-10-03 19:00:00+00:00,122778.0,True,69.80999755859375,0.01526444108608449,0.015122887397031715,-0.00014155368905277577,0.00014155368905277577
2025-10-06,2025-10-06 13:30:00+00:00,2025-10-06 20:00:00+00:00,2025-10-06 20:00:00+00:00,2025-10-06 19:00:00+00:00,125474.93,True,71.29000091552734,0.02196590594406156,0.021200449916809916,-0.0007654560272516431,0.0007654560272516431
2025-10-07,2025-10-07 13:30:00+00:00,2025-10-07 20:00:00+00:00,2025-10-07 20:00:00+00:00,2025-10-07 19:00:00+00:00,121695.48,True,69.12999725341797,-0.03012115647324931,-0.030298830612567884,-0.00017767413931857323,0.00017767413931857323
2025-10-08,2025-10-08 13:30:00+00:00,2025-10-08 20:00:00+00:00,2025-10-08 20:00:00+00:00,2025-10-08 19:00:00+00:00,123467.99,True,70.05999755859375,0.014565126001393036,0.013452919747220182,-0.001112206254172854,0.001112206254172854
2025-10-09,2025-10-09 13:30:00+00:00,2025-10-09 20:00:00+00:00,2025-10-09 20:00:00+00:00,2025-10-09 19:00:00+00:00,121040.0,True,68.73999786376953,-0.019664935016760254,-0.01884098973483772,0.0008239452819225335,0.0008239452819225335
2025-10-10,2025-10-10 13:30:00+00:00,2025-10-10 20:00:00+00:00,2025-10-10 20:00:00+00:00,2025-10-10 19:00:00+00:00,116670.01,True,66.19999694824219,-0.03610368473231995,-0.03695084367854029,-0.0008471589462203388,0.0008471589462203388
2025-10-13,2025-10-13 13:30:00+00:00,2025-10-13 20:00:00+00:00,2025-10-13 20:00:00+00:00,2025-10-13 19:00:00+00:00,115899.11,True,65.80999755859375,-0.006607524932928266,-0.005891229722462921,0.0007162952104653453,0.0007162952104653453
2025-10-14,2025-10-14 13:30:00+00:00,2025-10-14 20:00:00+00:00,2025-10-14 20:00:00+00:00,2025-10-14 19:00:00+00:00,112664.75,True,63.90999984741211,-0.027906685392148356,-0.028870958542278946,-0.0009642731501305901,0.0009642731501305901
2025-10-15,2025-10-15 13:30:00+00:00,2025-10-15 20:00:00+00:00,2025-10-15 20:00:00+00:00,2025-10-15 19:00:00+00:00,111318.21,True,63.16999816894531,-0.011951741782589398,-0.011578808953740971,0.0003729328288484268,0.0003729328288484268
2025-10-16,2025-10-16 13:30:00+00:00,2025-10-16 20:00:00+00:00,2025-10-16 20:00:00+00:00,2025-10-16 19:00:00+00:00,108246.33,True,61.43000030517578,-0.027595485051367663,-0.027544687576465998,5.079747490166486e-05,5.079747490166486e-05
2025-10-17,2025-10-17 13:30:00+00:00,2025-10-17 20:00:00+00:00,2025-10-17 20:00:00+00:00,2025-10-17 19:00:00+00:00,106484.0,True,60.470001220703125,-0.0162807367233605,-0.015627528564276627,0.0006532081590838734,0.0006532081590838734
2025-10-20,2025-10-20 13:30:00+00:00,2025-10-20 20:00:00+00:00,2025-10-20 20:00:00+00:00,2025-10-20 19:00:00+00:00,110840.0,True,62.93000030517578,0.04090755418654446,0.040681313623496695,-0.00022624056304776374,0.00022624056304776374
2025-10-21,2025-10-21 13:30:00+00:00,2025-10-21 20:00:00+00:00,2025-10-21 20:00:00+00:00,2025-10-21 19:00:00+00:00,111841.0,True,63.4900016784668,0.009031035727174341,0.00889879819760564,-0.00013223752956870172,0.00013223752956870172
2025-10-22,2025-10-22 13:30:00+00:00,2025-10-22 20:00:00+00:00,2025-10-22 20:00:00+00:00,2025-10-22 19:00:00+00:00,107846.83,True,61.209999084472656,-0.035712931751325505,-0.03591120702029249,-0.00019827526896698533,0.00019827526896698533
2025-10-23,2025-10-23 13:30:00+00:00,2025-10-23 20:00:00+00:00,2025-10-23 20:00:00+00:00,2025-10-23 19:00:00+00:00,110247.6,True,62.560001373291016,0.02226092320006079,0.022055257458104105,-0.0002056657419566843,0.0002056657419566843
2025-10-24,2025-10-24 13:30:00+00:00,2025-10-24 20:00:00+00:00,2025-10-24 20:00:00+00:00,2025-10-24 19:00:00+00:00,110624.14,True,62.83000183105469,0.003415403147097873,0.004315863999947878,0.0009004608528500047,0.0009004608528500047
2025-10-27,2025-10-27 13:30:00+00:00,2025-10-27 20:00:00+00:00,2025-10-27 20:00:00+00:00,2025-10-27 19:00:00+00:00,114950.0,True,65.27999877929688,0.03910412320493517,0.038994061385356105,-0.00011006181957906591,0.00011006181957906591
2025-10-28,2025-10-28 13:30:00+00:00,2025-10-28 20:00:00+00:00,2025-10-28 20:00:00+00:00,2025-10-28 19:00:00+00:00,113687.51,True,64.48999786376953,-0.010982949108307993,-0.012101729937193051,-0.0011187808288850576,0.0011187808288850576
2025-10-29,2025-10-29 13:30:00+00:00,2025-10-29 20:00:00+00:00,2025-10-29 20:00:00+00:00,2025-10-29 19:00:00+00:00,110644.31,True,62.75,-0.02676811199400886,-0.026980895044300568,-0.0002127830502917094,0.0002127830502917094
2025-10-30,2025-10-30 13:30:00+00:00,2025-10-30 20:00:00+00:00,2025-10-30 20:00:00+00:00,2025-10-30 19:00:00+00:00,106491.99,True,60.400001525878906,-0.03752854529979888,-0.03745017488639191,7.83704134069696e-05,7.83704134069696e-05
2025-10-31,2025-10-31 13:30:00+00:00,2025-10-31 20:00:00+00:00,2025-10-31 20:00:00+00:00,2025-10-31 19:00:00+00:00,109756.29,True,62.29999923706055,0.030653009677065635,0.03145691495334768,0.0008039052762820464,0.0008039052762820464
2025-11-03,2025-11-03 14:30:00+00:00,2025-11-03 21:00:00+00:00,2025-11-03 21:00:00+00:00,2025-11-03 20:00:00+00:00,106632.31,True,60.529998779296875,-0.02846287898397437,-0.028410922623426704,5.1956360547666947e-05,5.1956360547666947e-05
2025-11-04,2025-11-04 14:30:00+00:00,2025-11-04 21:00:00+00:00,2025-11-04 21:00:00+00:00,2025-11-04 20:00:00+00:00,100680.87,True,57.18000030517578,-0.055812726930514756,-0.05534443320139126,0.0004682937291234923,0.0004682937291234923
2025-11-05,2025-11-05 14:30:00+00:00,2025-11-05 21:00:00+00:00,2025-11-05 21:00:00+00:00,2025-11-05 20:00:00+00:00,103841.98,True,58.91999816894531,0.031397325033047485,0.03043018283460963,-0.0009671421984378537,0.0009671421984378537
2025-11-06,2025-11-06 14:30:00+00:00,2025-11-06 21:00:00+00:00,2025-11-06 21:00:00+00:00,2025-11-06 20:00:00+00:00,100860.0,True,57.2599983215332,-0.02871651715423762,-0.02817379326204794,0.0005427238921896782,0.0005427238921896782
2025-11-07,2025-11-07 14:30:00+00:00,2025-11-07 21:00:00+00:00,2025-11-07 21:00:00+00:00,2025-11-07 20:00:00+00:00,103749.09,True,58.880001068115234,0.02864455681142175,0.028292050193316376,-0.00035250661810537487,0.00035250661810537487
2025-11-10,2025-11-10 14:30:00+00:00,2025-11-10 21:00:00+00:00,2025-11-10 21:00:00+00:00,2025-11-10 20:00:00+00:00,105985.94,True,60.189998626708984,0.021560189106237138,0.022248599436645478,0.00068841033040834,0.00068841033040834
2025-11-11,2025-11-11 14:30:00+00:00,2025-11-11 21:00:00+00:00,2025-11-11 21:00:00+00:00,2025-11-11 20:00:00+00:00,102771.54,True,58.349998474121094,-0.03032855112668731,-0.030569865335923097,-0.00024131420923578784,0.00024131420923578784
2025-11-12,2025-11-12 14:30:00+00:00,2025-11-12 21:00:00+00:00,2025-11-12 21:00:00+00:00,2025-11-12 20:00:00+00:00,101519.99,True,57.59000015258789,-0.012177982348031247,-0.013024821617952043,-0.0008468392699207961,0.0008468392699207961
2025-11-13,2025-11-13 14:30:00+00:00,2025-11-13 21:00:00+00:00,2025-11-13 21:00:00+00:00,2025-11-13 20:00:00+00:00,98090.0,True,55.59000015258789,-0.0337863508457793,-0.03472825134052593,-0.0009419004947466281,0.0009419004947466281
2025-11-14,2025-11-14 14:30:00+00:00,2025-11-14 21:00:00+00:00,2025-11-14 21:00:00+00:00,2025-11-14 20:00:00+00:00,94287.01,True,53.474998474121094,-0.03877041492506883,-0.0380464413142898,0.0007239736107790273,0.0007239736107790273
2025-11-17,2025-11-17 14:30:00+00:00,2025-11-17 21:00:00+00:00,2025-11-17 21:00:00+00:00,2025-11-17 20:00:00+00:00,91787.28,True,52.099998474121094,-0.0265119235406871,-0.025712950710329086,0.0007989728303580135,0.0007989728303580135
2025-11-18,2025-11-18 14:30:00+00:00,2025-11-18 21:00:00+00:00,2025-11-18 21:00:00+00:00,2025-11-18 20:00:00+00:00,92748.97,True,52.65999984741211,0.010477377693292711,0.010748587134204568,0.00027120944091185706,0.00027120944091185706
2025-11-19,2025-11-19 14:30:00+00:00,2025-11-19 21:00:00+00:00,2025-11-19 21:00:00+00:00,2025-11-19 20:00:00+00:00,89413.61,True,50.72999954223633,-0.03596115406995892,-0.03665021478860919,-0.0006890607186502695,0.0006890607186502695
2025-11-20,2025-11-20 14:30:00+00:00,2025-11-20 21:00:00+00:00,2025-11-20 21:00:00+00:00,2025-11-20 20:00:00+00:00,86333.83,True,48.959999084472656,-0.03444419702995993,-0.03489060661808252,-0.00044640958812258713,0.00044640958812258713
2025-11-21,2025-11-21 14:30:00+00:00,2025-11-21 21:00:00+00:00,2025-11-21 21:00:00+00:00,2025-11-21 20:00:00+00:00,84487.2,True,47.970001220703125,-0.02138941362846991,-0.02022054498124981,0.0011688686472201004,0.0011688686472201004
2025-11-24,2025-11-24 14:30:00+00:00,2025-11-24 21:00:00+00:00,2025-11-24 21:00:00+00:00,2025-11-24 20:00:00+00:00,89072.01,True,50.56999969482422,0.054266326733517056,0.054200508817143334,-6.58179163737227e-05,6.58179163737227e-05
2025-11-25,2025-11-25 14:30:00+00:00,2025-11-25 21:00:00+00:00,2025-11-25 21:00:00+00:00,2025-11-25 20:00:00+00:00,87343.65,True,49.560001373291016,-0.019404075421672884,-0.0199722825317038,-0.0005682071100309161,0.0005682071100309161
2025-11-26,2025-11-26 14:30:00+00:00,2025-11-26 21:00:00+00:00,2025-11-26 21:00:00+00:00,2025-11-26 20:00:00+00:00,89856.06,True,51.029998779296875,0.028764655472950817,0.029660963786778183,0.0008963083138273653,0.0008963083138273653
2025-11-28,2025-11-28 14:30:00+00:00,2025-11-28 18:00:00+00:00,2025-11-28 18:00:00+00:00,2025-11-28 17:00:00+00:00,90673.19,True,51.54999923706055,0.009093766185608532,0.010190093478400053,0.0010963272927915213,0.0010963272927915213
2025-12-01,2025-12-01 14:30:00+00:00,2025-12-01 21:00:00+00:00,2025-12-01 21:00:00+00:00,2025-12-01 20:00:00+00:00,85511.18,True,48.5,-0.056929837805419714,-0.059165844465577155,-0.0022360066601574413,0.0022360066601574413
2025-12-02,2025-12-02 14:30:00+00:00,2025-12-02 21:00:00+00:00,2025-12-02 21:00:00+00:00,2025-12-02 20:00:00+00:00,91070.79,True,51.66999816894531,0.06501617683208205,0.06536078698856307,0.0003446101564810178,0.0003446101564810178
2025-12-03,2025-12-03 14:30:00+00:00,2025-12-03 21:00:00+00:00,2025-12-03 21:00:00+00:00,2025-12-03 20:00:00+00:00,92991.75,True,52.7400016784668,0.02109304201709472,0.020708410053023263,-0.00038463196407145794,0.00038463196407145794
2025-12-04,2025-12-04 14:30:00+00:00,2025-12-04 21:00:00+00:00,2025-12-04 21:00:00+00:00,2025-12-04 20:00:00+00:00,92523.07,True,52.5099983215332,-0.0050400169907545145,-0.0043610798182340815,0.000678937172520433,0.000678937172520433
2025-12-05,2025-12-05 14:30:00+00:00,2025-12-05 21:00:00+00:00,2025-12-05 21:00:00+00:00,2025-12-05 20:00:00+00:00,89321.7,True,50.689998626708984,-0.03460077578489351,-0.03466006004570521,-5.928426081169835e-05,5.928426081169835e-05
2025-12-08,2025-12-08 14:30:00+00:00,2025-12-08 21:00:00+00:00,2025-12-08 21:00:00+00:00,2025-12-08 20:00:00+00:00,90813.85,True,51.52000045776367,0.01670534707691429,0.016374074838056085,-0.00033127223885820456,0.00033127223885820456
2025-12-09,2025-12-09 14:30:00+00:00,2025-12-09 21:00:00+00:00,2025-12-09 21:00:00+00:00,2025-12-09 20:00:00+00:00,93136.46,True,52.849998474121094,0.02557550417695098,0.025815178659553073,0.00023967448260209245,0.00023967448260209245
2025-12-10,2025-12-10 14:30:00+00:00,2025-12-10 21:00:00+00:00,2025-12-10 21:00:00+00:00,2025-12-10 20:00:00+00:00,92498.32,True,52.4900016784668,-0.006851666898226583,-0.0068116708807584025,3.9996017468180156e-05,3.9996017468180156e-05
2025-12-11,2025-12-11 14:30:00+00:00,2025-12-11 21:00:00+00:00,2025-12-11 21:00:00+00:00,2025-12-11 20:00:00+00:00,91808.02,True,52.099998474121094,-0.007462838243981085,-0.007430047473320878,3.279077066020708e-05,3.279077066020708e-05
2025-12-12,2025-12-12 14:30:00+00:00,2025-12-12 21:00:00+00:00,2025-12-12 21:00:00+00:00,2025-12-12 20:00:00+00:00,90220.0,True,51.20000076293945,-0.017297181662342842,-0.01727442874357632,2.275291876652208e-05,2.275291876652208e-05
2025-12-15,2025-12-15 14:30:00+00:00,2025-12-15 21:00:00+00:00,2025-12-15 21:00:00+00:00,2025-12-15 20:00:00+00:00,85757.01,True,48.65999984741211,-0.049467856351141704,-0.04960939214215587,-0.00014153579101416902,0.00014153579101416902
2025-12-16,2025-12-16 14:30:00+00:00,2025-12-16 21:00:00+00:00,2025-12-16 21:00:00+00:00,2025-12-16 20:00:00+00:00,87552.02,True,49.709999084472656,0.02093135010187508,0.021578282785719827,0.0006469326838447476,0.0006469326838447476
2025-12-17,2025-12-17 14:30:00+00:00,2025-12-17 21:00:00+00:00,2025-12-17 21:00:00+00:00,2025-12-17 20:00:00+00:00,85857.38,True,48.709999084472656,-0.01935580698195194,-0.020116677095501245,-0.0007608701135493057,0.0007608701135493057
2025-12-18,2025-12-18 14:30:00+00:00,2025-12-18 21:00:00+00:00,2025-12-18 21:00:00+00:00,2025-12-18 20:00:00+00:00,84558.65,True,47.959999084472656,-0.015126597154490495,-0.01539724931423947,-0.00027065215974897416,0.00027065215974897416
2025-12-19,2025-12-19 14:30:00+00:00,2025-12-19 21:00:00+00:00,2025-12-19 21:00:00+00:00,2025-12-19 20:00:00+00:00,88021.73,True,49.90999984741211,0.04095476926370045,0.04065889908598397,-0.00029587017771648405,0.00029587017771648405
2025-12-22,2025-12-22 14:30:00+00:00,2025-12-22 21:00:00+00:00,2025-12-22 21:00:00+00:00,2025-12-22 20:00:00+00:00,88294.02,True,50.09000015258789,0.003093440676523951,0.0036064978105807555,0.0005130571340568046,0.0005130571340568046
2025-12-23,2025-12-23 14:30:00+00:00,2025-12-23 21:00:00+00:00,2025-12-23 21:00:00+00:00,2025-12-23 20:00:00+00:00,87613.32,True,49.650001525878906,-0.007709468885888304,-0.008784161017540981,-0.001074692131652677,0.001074692131652677
2025-12-24,2025-12-24 14:30:00+00:00,2025-12-24 18:00:00+00:00,2025-12-24 18:00:00+00:00,2025-12-24 17:00:00+00:00,87257.34,True,49.459999084472656,-0.0040630808192180234,-0.003826836567310421,0.00023624425190760245,0.00023624425190760245
2025-12-26,2025-12-26 14:30:00+00:00,2025-12-26 21:00:00+00:00,2025-12-26 21:00:00+00:00,2025-12-26 20:00:00+00:00,87507.92,True,49.61000061035156,0.002871735489530236,0.0030327846473008346,0.00016104915777059858,0.00016104915777059858
2025-12-29,2025-12-29 14:30:00+00:00,2025-12-29 21:00:00+00:00,2025-12-29 21:00:00+00:00,2025-12-29 20:00:00+00:00,87076.36,True,49.380001068115234,-0.004931667899316983,-0.004636152779815439,0.00029551511950154374,0.00029551511950154374
2025-12-30,2025-12-30 14:30:00+00:00,2025-12-30 21:00:00+00:00,2025-12-30 21:00:00+00:00,2025-12-30 20:00:00+00:00,87836.94,True,49.83000183105469,0.008734632453630375,0.0091130164683213,0.00037838401469092453,0.00037838401469092453
2025-12-31,2025-12-31 14:30:00+00:00,2025-12-31 21:00:00+00:00,2025-12-31 21:00:00+00:00,2025-12-31 20:00:00+00:00,87523.98,True,49.650001525878906,-0.003562965649759775,-0.0036122877495782246,-4.9322099818449594e-05,4.9322099818449594e-05
2026-01-02,2026-01-02 14:30:00+00:00,2026-01-02 21:00:00+00:00,2026-01-02 21:00:00+00:00,2026-01-02 20:00:00+00:00,89693.1,True,50.939998626708984,0.024783150857627945,0.025981813921147623,0.0011986630635196782,0.0011986630635196782
2026-01-05,2026-01-05 14:30:00+00:00,2026-01-05 21:00:00+00:00,2026-01-05 21:00:00+00:00,2026-01-05 20:00:00+00:00,94194.02,True,53.459999084472656,0.05018134059364643,0.049469974984301945,-0.0007113656093444831,0.0007113656093444831
2026-01-06,2026-01-06 14:30:00+00:00,2026-01-06 21:00:00+00:00,2026-01-06 21:00:00+00:00,2026-01-06 20:00:00+00:00,92447.52,True,52.45000076293945,-0.018541516754460585,-0.018892598930600357,-0.000351082176139772,0.000351082176139772
2026-01-07,2026-01-07 14:30:00+00:00,2026-01-07 21:00:00+00:00,2026-01-07 21:00:00+00:00,2026-01-07 20:00:00+00:00,90930.07,True,51.540000915527344,-0.016414177470634117,-0.017349853845094798,-0.0009356763744606811,0.0009356763744606811
2026-01-08,2026-01-08 14:30:00+00:00,2026-01-08 21:00:00+00:00,2026-01-08 21:00:00+00:00,2026-01-08 20:00:00+00:00,90847.09,True,51.52000045776367,-0.000912569406358199,-0.00038805699278998684,0.0005245124135682122,0.0005245124135682122
2026-01-09,2026-01-09 14:30:00+00:00,2026-01-09 21:00:00+00:00,2026-01-09 21:00:00+00:00,2026-01-09 20:00:00+00:00,90195.99,True,51.15999984741211,-0.0071669879574567386,-0.006987589424551577,0.00017939853290516172,0.00017939853290516172
2026-01-12,2026-01-12 14:30:00+00:00,2026-01-12 21:00:00+00:00,2026-01-12 21:00:00+00:00,2026-01-12 20:00:00+00:00,91409.51,True,51.869998931884766,0.013454256669281905,0.013878011856729433,0.0004237551874475276,0.0004237551874475276
2026-01-13,2026-01-13 14:30:00+00:00,2026-01-13 21:00:00+00:00,2026-01-13 21:00:00+00:00,2026-01-13 20:00:00+00:00,94411.91,True,53.56999969482422,0.032845597793927706,0.03277425868413597,-7.133910979173486e-05,7.133910979173486e-05
2026-01-14,2026-01-14 14:30:00+00:00,2026-01-14 21:00:00+00:00,2026-01-14 21:00:00+00:00,2026-01-14 20:00:00+00:00,97676.01,True,55.439998626708984,0.03457296860110115,0.034907577796111866,0.0003346091950107155,0.0003346091950107155
2026-01-15,2026-01-15 14:30:00+00:00,2026-01-15 21:00:00+00:00,2026-01-15 21:00:00+00:00,2026-01-15 20:00:00+00:00,95225.99,True,54.0,-0.025083129419393613,-0.025974001846660322,-0.000890872427266709,0.000890872427266709
2026-01-16,2026-01-16 14:30:00+00:00,2026-01-16 21:00:00+00:00,2026-01-16 21:00:00+00:00,2026-01-16 20:00:00+00:00,95536.0,True,54.2400016784668,0.0032555187927161278,0.004444475527162872,0.0011889567344467444,0.0011889567344467444
2026-01-20,2026-01-20 14:30:00+00:00,2026-01-20 21:00:00+00:00,2026-01-20 21:00:00+00:00,2026-01-20 20:00:00+00:00,89592.06,True,50.7599983215332,-0.06221675598727183,-0.06415935194034383,-0.0019425959530720016,0.0019425959530720016
2026-01-21,2026-01-21 14:30:00+00:00,2026-01-21 21:00:00+00:00,2026-01-21 21:00:00+00:00,2026-01-21 20:00:00+00:00,90136.01,True,51.11000061035156,0.006071408560088809,0.006895238384392988,0.0008238298243041786,0.0008238298243041786
2026-01-22,2026-01-22 14:30:00+00:00,2026-01-22 21:00:00+00:00,2026-01-22 21:00:00+00:00,2026-01-22 20:00:00+00:00,89312.0,True,50.66999816894531,-0.00914185129783307,-0.008608930466675324,0.000532920831157746,0.000532920831157746
2026-01-23,2026-01-23 14:30:00+00:00,2026-01-23 21:00:00+00:00,2026-01-23 21:00:00+00:00,2026-01-23 20:00:00+00:00,89395.04,True,50.70000076293945,0.0009297742744536208,0.0005921175267089573,-0.0003376567477446635,0.0003376567477446635
2026-01-26,2026-01-26 14:30:00+00:00,2026-01-26 21:00:00+00:00,2026-01-26 21:00:00+00:00,2026-01-26 20:00:00+00:00,87528.0,True,49.650001525878906,-0.020885275066715003,-0.020710043811835055,0.0001752312548799484,0.0001752312548799484
2026-01-27,2026-01-27 14:30:00+00:00,2026-01-27 21:00:00+00:00,2026-01-27 21:00:00+00:00,2026-01-27 20:00:00+00:00,89297.98,True,50.630001068115234,0.020221871858148166,0.019738157343772267,-0.0004837145143758992,0.0004837145143758992
2026-01-28,2026-01-28 14:30:00+00:00,2026-01-28 21:00:00+00:00,2026-01-28 21:00:00+00:00,2026-01-28 20:00:00+00:00,88997.89,True,50.5099983215332,-0.0033605463415857795,-0.002370190480947998,0.0009903558606377816,0.0009903558606377816
2026-01-29,2026-01-29 14:30:00+00:00,2026-01-29 21:00:00+00:00,2026-01-29 21:00:00+00:00,2026-01-29 20:00:00+00:00,84043.29,True,47.599998474121094,-0.05567098276150151,-0.05761235288284561,-0.0019413701213440993,0.0019413701213440993
2026-01-30,2026-01-30 14:30:00+00:00,2026-01-30 21:00:00+00:00,2026-01-30 21:00:00+00:00,2026-01-30 20:00:00+00:00,83738.0,True,47.4900016784668,-0.0036325327102257887,-0.002310857125638388,0.0013216755845874006,0.0013216755845874006
2026-02-02,2026-02-02 14:30:00+00:00,2026-02-02 21:00:00+00:00,2026-02-02 21:00:00+00:00,2026-02-02 20:00:00+00:00,77941.95,True,44.220001220703125,-0.06921648475005382,-0.0688566085952862,0.00035987615476762436,0.00035987615476762436
2026-02-03,2026-02-03 14:30:00+00:00,2026-02-03 21:00:00+00:00,2026-02-03 21:00:00+00:00,2026-02-03 20:00:00+00:00,76370.3,True,43.29999923706055,-0.020164365915915528,-0.02080510986534856,-0.0006407439494330314,0.0006407439494330314
2026-02-04,2026-02-04 14:30:00+00:00,2026-02-04 21:00:00+00:00,2026-02-04 21:00:00+00:00,2026-02-04 20:00:00+00:00,73337.99,True,41.56999969482422,-0.03970535666351971,-0.03995380075562727,-0.00024844409210755813,0.00024844409210755813
2026-02-05,2026-02-05 14:30:00+00:00,2026-02-05 21:00:00+00:00,2026-02-05 21:00:00+00:00,2026-02-05 20:00:00+00:00,63620.01,True,36.099998474121094,-0.13250949473799323,-0.131585308175602,0.0009241865623912382,0.0009241865623912382
2026-02-06,2026-02-06 14:30:00+00:00,2026-02-06 21:00:00+00:00,2026-02-06 21:00:00+00:00,2026-02-06 20:00:00+00:00,69963.99,True,39.68000030517578,0.09971674006338582,0.0991690299826764,-0.0005477100807094182,0.0005477100807094182
2026-02-09,2026-02-09 14:30:00+00:00,2026-02-09 21:00:00+00:00,2026-02-09 21:00:00+00:00,2026-02-09 20:00:00+00:00,70707.99,True,40.11000061035156,0.010634041883545997,0.01083670115596469,0.00020265927241869264,0.00020265927241869264
2026-02-10,2026-02-10 14:30:00+00:00,2026-02-10 21:00:00+00:00,2026-02-10 21:00:00+00:00,2026-02-10 20:00:00+00:00,68708.94,True,38.970001220703125,-0.02827191099619719,-0.028421824290728814,-0.00014991329453162283,0.00014991329453162283
2026-02-11,2026-02-11 14:30:00+00:00,2026-02-11 21:00:00+00:00,2026-02-11 21:00:00+00:00,2026-02-11 20:00:00+00:00,67517.41,True,38.290000915527344,-0.017341702549915627,-0.017449327274193793,-0.00010762472427816583,0.00010762472427816583
2026-02-12,2026-02-12 14:30:00+00:00,2026-02-12 21:00:00+00:00,2026-02-12 21:00:00+00:00,2026-02-12 20:00:00+00:00,65362.5,True,37.04999923706055,-0.03191636053574931,-0.032384477639538334,-0.00046811710378902305,0.00046811710378902305
2026-02-13,2026-02-13 14:30:00+00:00,2026-02-13 21:00:00+00:00,2026-02-13 21:00:00+00:00,2026-02-13 20:00:00+00:00,68729.57,True,38.970001220703125,0.0515137884872825,0.051821916954913894,0.0003081284676313967,0.0003081284676313967
2026-02-17,2026-02-17 14:30:00+00:00,2026-02-17 21:00:00+00:00,2026-02-17 21:00:00+00:00,2026-02-17 20:00:00+00:00,67712.49,True,38.38999938964844,-0.014798288422290473,-0.014883290040713648,-8.5001618423175e-05,8.5001618423175e-05
2026-02-18,2026-02-18 14:30:00+00:00,2026-02-18 21:00:00+00:00,2026-02-18 21:00:00+00:00,2026-02-18 20:00:00+00:00,66221.41,True,37.540000915527344,-0.022020752744434602,-0.022141143204870373,-0.00012039046043577084,0.00012039046043577084
2026-02-19,2026-02-19 14:30:00+00:00,2026-02-19 21:00:00+00:00,2026-02-19 21:00:00+00:00,2026-02-19 20:00:00+00:00,67125.14,True,38.06999969482422,0.013647096913218748,0.014118240979521524,0.0004711440663027755,0.0004711440663027755
2026-02-20,2026-02-20 14:30:00+00:00,2026-02-20 21:00:00+00:00,2026-02-20 21:00:00+00:00,2026-02-20 20:00:00+00:00,67733.36,True,38.41999816894531,0.009060986688445016,0.0091935507466967,0.00013256405825168294,0.00013256405825168294
2026-02-23,2026-02-23 14:30:00+00:00,2026-02-23 21:00:00+00:00,2026-02-23 21:00:00+00:00,2026-02-23 20:00:00+00:00,64463.59,True,36.54999923706055,-0.04827414438025823,-0.04867254089033968,-0.0003983965100814446,0.0003983965100814446
2026-02-24,2026-02-24 14:30:00+00:00,2026-02-24 21:00:00+00:00,2026-02-24 21:00:00+00:00,2026-02-24 20:00:00+00:00,64474.97,True,36.529998779296875,0.00017653376115123187,-0.0005472081581712196,-0.0007237419193224515,0.0007237419193224515
2026-02-25,2026-02-25 14:30:00+00:00,2026-02-25 21:00:00+00:00,2026-02-25 21:00:00+00:00,2026-02-25 20:00:00+00:00,69177.78,True,39.22999954223633,0.07294008822338349,0.0739118766264415,0.0009717884030580048,0.0009717884030580048
2026-02-26,2026-02-26 14:30:00+00:00,2026-02-26 21:00:00+00:00,2026-02-26 21:00:00+00:00,2026-02-26 20:00:00+00:00,67434.87,True,38.2599983215332,-0.025194650652275996,-0.024726006424210856,0.0004686442280651404,0.0004686442280651404
2026-02-27,2026-02-27 14:30:00+00:00,2026-02-27 21:00:00+00:00,2026-02-27 21:00:00+00:00,2026-02-27 20:00:00+00:00,65590.47,True,37.189998626708984,-0.027350834961200277,-0.02796653794472359,-0.0006157029835233141,0.0006157029835233141
2026-03-02,2026-03-02 14:30:00+00:00,2026-03-02 21:00:00+00:00,2026-03-02 21:00:00+00:00,2026-03-02 20:00:00+00:00,69128.01,True,39.19499969482422,0.0539337498267658,0.053912372738709635,-2.1377088056162563e-05,2.1377088056162563e-05
2026-03-03,2026-03-03 14:30:00+00:00,2026-03-03 21:00:00+00:00,2026-03-03 21:00:00+00:00,2026-03-03 20:00:00+00:00,68264.6,True,38.70000076293945,-0.01249001670957961,-0.012629134729911229,-0.0001391180203316189,0.0001391180203316189
2026-03-04,2026-03-04 14:30:00+00:00,2026-03-04 21:00:00+00:00,2026-03-04 21:00:00+00:00,2026-03-04 20:00:00+00:00,73077.92,True,41.439998626708984,0.07050975176006302,0.07080097699619303,0.0002912252361300105,0.0002912252361300105
2026-03-05,2026-03-05 14:30:00+00:00,2026-03-05 21:00:00+00:00,2026-03-05 21:00:00+00:00,2026-03-05 20:00:00+00:00,71233.32,True,40.38999938964844,-0.025241550388954592,-0.025337820266813416,-9.626987785882335e-05,9.626987785882335e-05
2026-03-06,2026-03-06 14:30:00+00:00,2026-03-06 21:00:00+00:00,2026-03-06 21:00:00+00:00,2026-03-06 20:00:00+00:00,68102.86,True,38.599998474121094,-0.04394656882481407,-0.044317923807300263,-0.0003713549824861939,0.0003713549824861939
2026-03-09,2026-03-09 13:30:00+00:00,2026-03-09 20:00:00+00:00,2026-03-09 20:00:00+00:00,2026-03-09 19:00:00+00:00,69012.12,True,39.130001068115234,0.013351274821644665,0.013730637692886738,0.0003793628712420727,0.0003793628712420727
2026-03-10,2026-03-10 13:30:00+00:00,2026-03-10 20:00:00+00:00,2026-03-10 20:00:00+00:00,2026-03-10 19:00:00+00:00,70055.27,True,39.709999084472656,0.015115460878466047,0.014822335817159749,-0.00029312506130629856,0.00029312506130629856
2026-03-11,2026-03-11 13:30:00+00:00,2026-03-11 20:00:00+00:00,2026-03-11 20:00:00+00:00,2026-03-11 19:00:00+00:00,70670.11,True,40.06999969482422,0.008776498898655172,0.009065742096487028,0.0002892431978318566,0.0002892431978318566
2026-03-12,2026-03-12 13:30:00+00:00,2026-03-12 20:00:00+00:00,2026-03-12 20:00:00+00:00,2026-03-12 19:00:00+00:00,70462.0,True,39.95000076293945,-0.0029448093401863717,-0.002994732538025624,-4.9923197839252254e-05,4.9923197839252254e-05
2026-03-13,2026-03-13 13:30:00+00:00,2026-03-13 20:00:00+00:00,2026-03-13 20:00:00+00:00,2026-03-13 19:00:00+00:00,71190.64,True,40.369998931884766,0.010340892963583093,0.01051309539235179,0.0001722024287686974,0.0001722024287686974
2026-03-16,2026-03-16 13:30:00+00:00,2026-03-16 20:00:00+00:00,2026-03-16 20:00:00+00:00,2026-03-16 19:00:00+00:00,73969.53,True,41.939998626708984,0.03903448543235455,0.038890258517797704,-0.00014422691455684422,0.00014422691455684422
2026-03-17,2026-03-17 13:30:00+00:00,2026-03-17 20:00:00+00:00,2026-03-17 20:00:00+00:00,2026-03-17 19:00:00+00:00,74542.28,True,42.27000045776367,0.007743053119304566,0.007868427321419347,0.00012537420211478079,0.00012537420211478079
2026-03-18,2026-03-18 13:30:00+00:00,2026-03-18 20:00:00+00:00,2026-03-18 20:00:00+00:00,2026-03-18 19:00:00+00:00,71065.73,True,40.2599983215332,-0.04663863246468991,-0.0475515049553612,-0.0009128724906712904,0.0009128724906712904
2026-03-19,2026-03-19 13:30:00+00:00,2026-03-19 20:00:00+00:00,2026-03-19 20:00:00+00:00,2026-03-19 19:00:00+00:00,70265.41,True,39.81999969482422,-0.011261686891839373,-0.010928928093711598,0.00033275879812777465,0.00033275879812777465
2026-03-20,2026-03-20 13:30:00+00:00,2026-03-20 20:00:00+00:00,2026-03-20 20:00:00+00:00,2026-03-20 19:00:00+00:00,70169.39,True,39.77000045776367,-0.0013665329783175695,-0.001255631276839142,0.00011090170147842748,0.00011090170147842748
2026-03-23,2026-03-23 13:30:00+00:00,2026-03-23 20:00:00+00:00,2026-03-23 20:00:00+00:00,2026-03-23 19:00:00+00:00,70660.88,True,40.04999923706055,0.007004336221249741,0.007040452000855124,3.611577960538348e-05,3.611577960538348e-05
2026-03-24,2026-03-24 13:30:00+00:00,2026-03-24 20:00:00+00:00,2026-03-24 20:00:00+00:00,2026-03-24 19:00:00+00:00,69334.0,True,39.279998779296875,-0.018778141455356945,-0.019225979336627508,-0.000447837881270563,0.000447837881270563
2026-03-25,2026-03-25 13:30:00+00:00,2026-03-25 20:00:00+00:00,2026-03-25 20:00:00+00:00,2026-03-25 19:00:00+00:00,70859.88,True,40.16999816894531,0.022007673003144212,0.022657826306184292,0.0006501533030400797,0.0006501533030400797
2026-03-26,2026-03-26 13:30:00+00:00,2026-03-26 20:00:00+00:00,2026-03-26 20:00:00+00:00,2026-03-26 19:00:00+00:00,68479.59,True,38.81999969482422,-0.03359150481203199,-0.03360713307586738,-1.5628263835387735e-05,1.5628263835387735e-05
2026-03-27,2026-03-27 13:30:00+00:00,2026-03-27 20:00:00+00:00,2026-03-27 20:00:00+00:00,2026-03-27 19:00:00+00:00,65975.02,True,37.400001525878906,-0.0365739631326647,-0.036579036066675674,-5.072934010974528e-06,5.072934010974528e-06
2026-03-30,2026-03-30 13:30:00+00:00,2026-03-30 20:00:00+00:00,2026-03-30 20:00:00+00:00,2026-03-30 19:00:00+00:00,66488.0,True,37.68000030517578,0.007775367101063413,0.007486598071476891,-0.00028876902958652195,0.00028876902958652195
2026-03-31,2026-03-31 13:30:00+00:00,2026-03-31 20:00:00+00:00,2026-03-31 20:00:00+00:00,2026-03-31 19:00:00+00:00,67772.92,True,38.41999816894531,0.019325592588136153,0.019639008964336124,0.00031341637619997087,0.00031341637619997087
2026-04-01,2026-04-01 13:30:00+00:00,2026-04-01 20:00:00+00:00,2026-04-01 20:00:00+00:00,2026-04-01 19:00:00+00:00,68162.03,True,38.63999938964844,0.005741378709962719,0.005726216324522193,-1.5162385440525838e-05,1.5162385440525838e-05
2026-04-02,2026-04-02 13:30:00+00:00,2026-04-02 20:00:00+00:00,2026-04-02 20:00:00+00:00,2026-04-02 19:00:00+00:00,66976.06,True,37.970001220703125,-0.01739927640065886,-0.017339497399806003,5.977900085285537e-05,5.977900085285537e-05
2026-04-06,2026-04-06 13:30:00+00:00,2026-04-06 20:00:00+00:00,2026-04-06 20:00:00+00:00,2026-04-06 19:00:00+00:00,69732.99,True,39.52000045776367,0.04116291701840935,0.04082167993756647,-0.0003412370808428822,0.0003412370808428822
2026-04-07,2026-04-07 13:30:00+00:00,2026-04-07 20:00:00+00:00,2026-04-07 20:00:00+00:00,2026-04-07 19:00:00+00:00,68993.62,True,39.099998474121094,-0.010602872471121794,-0.01062758043465728,-2.470796353548632e-05,2.470796353548632e-05
2026-04-08,2026-04-08 13:30:00+00:00,2026-04-08 20:00:00+00:00,2026-04-08 20:00:00+00:00,2026-04-08 19:00:00+00:00,71331.51,True,40.41999816894531,0.033885596958095565,0.03375958430530068,-0.00012601265279488238,0.00012601265279488238
2026-04-09,2026-04-09 13:30:00+00:00,2026-04-09 20:00:00+00:00,2026-04-09 20:00:00+00:00,2026-04-09 19:00:00+00:00,72136.37,True,40.90999984741211,0.011283372523587465,0.012122753603766023,0.0008393810801785584,0.0008393810801785584
2026-04-10,2026-04-10 13:30:00+00:00,2026-04-10 20:00:00+00:00,2026-04-10 20:00:00+00:00,2026-04-10 19:00:00+00:00,73286.01,True,41.560001373291016,0.01593703703138938,0.01588857316801051,-4.846386337886699e-05,4.846386337886699e-05
2026-04-13,2026-04-13 13:30:00+00:00,2026-04-13 20:00:00+00:00,2026-04-13 20:00:00+00:00,2026-04-13 19:00:00+00:00,73373.2,True,41.59000015258789,0.001189722294882678,0.0007218185347837025,-0.0004679037600989755,0.0004679037600989755
2026-04-14,2026-04-14 13:30:00+00:00,2026-04-14 20:00:00+00:00,2026-04-14 20:00:00+00:00,2026-04-14 19:00:00+00:00,74299.83,True,42.130001068115234,0.012628998053785478,0.012983912323783597,0.0003549142699981189,0.0003549142699981189
2026-04-15,2026-04-15 13:30:00+00:00,2026-04-15 20:00:00+00:00,2026-04-15 20:00:00+00:00,2026-04-15 19:00:00+00:00,75048.06,True,42.560001373291016,0.010070413350878438,0.010206510663993695,0.00013609731311525763,0.00013609731311525763
2026-04-16,2026-04-16 13:30:00+00:00,2026-04-16 20:00:00+00:00,2026-04-16 20:00:00+00:00,2026-04-16 19:00:00+00:00,75378.0,True,42.72999954223633,0.00439638279790322,0.003994317750468879,-0.00040206504743434124,0.00040206504743434124
2026-04-17,2026-04-17 13:30:00+00:00,2026-04-17 20:00:00+00:00,2026-04-17 20:00:00+00:00,2026-04-17 19:00:00+00:00,77453.07,True,43.939998626708984,0.0275288545729524,0.02831732032378409,0.0007884657508316906,0.0007884657508316906
2026-04-20,2026-04-20 13:30:00+00:00,2026-04-20 20:00:00+00:00,2026-04-20 20:00:00+00:00,2026-04-20 19:00:00+00:00,76337.42,True,43.25,-0.014404206314869272,-0.015703200916569182,-0.0012989946016999099,0.0012989946016999099
2026-04-21,2026-04-21 13:30:00+00:00,2026-04-21 20:00:00+00:00,2026-04-21 20:00:00+00:00,2026-04-21 19:00:00+00:00,75030.96,True,42.5099983215332,-0.0171142802573101,-0.01710986539807624,4.41485923385887e-06,4.41485923385887e-06
2026-04-22,2026-04-22 13:30:00+00:00,2026-04-22 20:00:00+00:00,2026-04-22 20:00:00+00:00,2026-04-22 19:00:00+00:00,78878.3,True,44.75,0.0512766996450531,0.05269352545074413,0.0014168258056910243,0.0014168258056910243
2026-04-23,2026-04-23 13:30:00+00:00,2026-04-23 20:00:00+00:00,2026-04-23 20:00:00+00:00,2026-04-23 19:00:00+00:00,77743.16,True,44.04999923706055,-0.014391030232649538,-0.015642475149485024,-0.0012514449168354869,0.0012514449168354869
2026-04-24,2026-04-24 13:30:00+00:00,2026-04-24 20:00:00+00:00,2026-04-24 20:00:00+00:00,2026-04-24 19:00:00+00:00,77659.72,True,44.02000045776367,-0.001073277700571973,-0.0006810165679103086,0.0003922611326616643,0.0003922611326616643
2026-04-27,2026-04-27 13:30:00+00:00,2026-04-27 20:00:00+00:00,2026-04-27 20:00:00+00:00,2026-04-27 19:00:00+00:00,76886.0,True,43.560001373291016,-0.009962951192716174,-0.010449774640825304,-0.0004868234481091305,0.0004868234481091305
2026-04-28,2026-04-28 13:30:00+00:00,2026-04-28 20:00:00+00:00,2026-04-28 20:00:00+00:00,2026-04-28 19:00:00+00:00,76308.13,True,43.27000045776367,-0.007515932679551529,-0.00665750473793969,0.000858427941611839,0.000858427941611839
2026-04-29,2026-04-29 13:30:00+00:00,2026-04-29 20:00:00+00:00,2026-04-29 20:00:00+00:00,2026-04-29 19:00:00+00:00,75526.0,True,42.75,-0.010249628709287029,-0.01201757458429542,-0.001767945875008392,0.001767945875008392
2026-04-30,2026-04-30 13:30:00+00:00,2026-04-30 20:00:00+00:00,2026-04-30 20:00:00+00:00,2026-04-30 19:00:00+00:00,76375.39,True,43.31999969482422,0.01124632576860951,0.013333326194718609,0.002087000426109098,0.002087000426109098
2026-05-01,2026-05-01 13:30:00+00:00,2026-05-01 20:00:00+00:00,2026-05-01 20:00:00+00:00,2026-05-01 19:00:00+00:00,78374.85,True,44.470001220703125,0.026179375319720144,0.026546665142666237,0.000367289822946093,0.000367289822946093
2026-05-04,2026-05-04 13:30:00+00:00,2026-05-04 20:00:00+00:00,2026-05-04 20:00:00+00:00,2026-05-04 19:00:00+00:00,80052.2,True,45.400001525878906,0.021401635856400203,0.020912981327799507,-0.000488654528600696,0.000488654528600696
2026-05-05,2026-05-05 13:30:00+00:00,2026-05-05 20:00:00+00:00,2026-05-05 20:00:00+00:00,2026-05-05 19:00:00+00:00,81611.95,True,46.279998779296875,0.019484161584566007,0.01938319876302974,-0.00010096282153626568,0.00010096282153626568
2026-05-06,2026-05-06 13:30:00+00:00,2026-05-06 20:00:00+00:00,2026-05-06 20:00:00+00:00,2026-05-06 19:00:00+00:00,81457.38,True,46.189998626708984,-0.0018939628326487545,-0.0019446878773071719,-5.072504465841732e-05,5.072504465841732e-05
2026-05-07,2026-05-07 13:30:00+00:00,2026-05-07 20:00:00+00:00,2026-05-07 20:00:00+00:00,2026-05-07 19:00:00+00:00,80142.85,True,45.400001525878906,-0.016137641549482717,-0.017103206848187003,-0.0009655652987042851,0.0009655652987042851
2026-05-08,2026-05-08 13:30:00+00:00,2026-05-08 20:00:00+00:00,2026-05-08 20:00:00+00:00,2026-05-08 19:00:00+00:00,80149.99,True,45.45000076293945,8.909091703124261e-05,0.0011013047440548984,0.0010122138270236558,0.0010122138270236558
2026-05-11,2026-05-11 13:30:00+00:00,2026-05-11 20:00:00+00:00,2026-05-11 20:00:00+00:00,2026-05-11 19:00:00+00:00,81956.0,True,46.470001220703125,0.02253287866910525,0.02244225391950705,-9.062474959820044e-05,9.062474959820044e-05
2026-05-12,2026-05-12 13:30:00+00:00,2026-05-12 20:00:00+00:00,2026-05-12 20:00:00+00:00,2026-05-12 19:00:00+00:00,80820.63,True,45.79999923706055,-0.01385340914637112,-0.014417946331881759,-0.0005645371855106385,0.0005645371855106385
2026-05-13,2026-05-13 13:30:00+00:00,2026-05-13 20:00:00+00:00,2026-05-13 20:00:00+00:00,2026-05-13 19:00:00+00:00,79612.0,True,45.119998931884766,-0.014954473876286345,-0.014847168482604145,0.00010730539368219993,0.00010730539368219993
2026-05-14,2026-05-14 13:30:00+00:00,2026-05-14 20:00:00+00:00,2026-05-14 20:00:00+00:00,2026-05-14 19:00:00+00:00,81439.17,True,46.16999816894531,0.022950937044666553,0.023271260237520686,0.0003203231928541328,0.0003203231928541328
2026-05-15,2026-05-15 13:30:00+00:00,2026-05-15 20:00:00+00:00,2026-05-15 20:00:00+00:00,2026-05-15 19:00:00+00:00,79089.14,True,44.81999969482422,-0.028856261673590233,-0.02923973419234671,-0.00038347251875647803,0.00038347251875647803
2026-05-18,2026-05-18 13:30:00+00:00,2026-05-18 20:00:00+00:00,2026-05-18 20:00:00+00:00,2026-05-18 19:00:00+00:00,76859.05,True,43.529998779296875,-0.028197170939018856,-0.02878181446476702,-0.000584643525748163,0.000584643525748163
2026-05-19,2026-05-19 13:30:00+00:00,2026-05-19 20:00:00+00:00,2026-05-19 20:00:00+00:00,2026-05-19 19:00:00+00:00,76758.13,True,43.5,-0.0013130529195976015,-0.0006891518524724249,0.0006239010671251766,0.0006239010671251766
2026-05-20,2026-05-20 13:30:00+00:00,2026-05-20 20:00:00+00:00,2026-05-20 20:00:00+00:00,2026-05-20 19:00:00+00:00,77598.0,True,43.9900016784668,0.010941772552301554,0.011264406401535476,0.000322633849233922,0.000322633849233922
2026-05-21,2026-05-21 13:30:00+00:00,2026-05-21 20:00:00+00:00,2026-05-21 20:00:00+00:00,2026-05-21 19:00:00+00:00,77613.34,True,44.0,0.00019768550735843604,0.00022728622759049522,2.9600720232059174e-05,2.9600720232059174e-05
2026-05-22,2026-05-22 13:30:00+00:00,2026-05-22 20:00:00+00:00,2026-05-22 20:00:00+00:00,2026-05-22 19:00:00+00:00,75769.44,True,42.959999084472656,-0.023757513850067413,-0.023636384443803227,0.00012112940626418656,0.00012112940626418656
2026-05-26,2026-05-26 13:30:00+00:00,2026-05-26 20:00:00+00:00,2026-05-26 20:00:00+00:00,2026-05-26 19:00:00+00:00,75919.93,True,42.9900016784668,0.001986156951931939,0.0006983844188437338,-0.001287772533088205,0.001287772533088205
2026-05-27,2026-05-27 13:30:00+00:00,2026-05-27 20:00:00+00:00,2026-05-27 20:00:00+00:00,2026-05-27 19:00:00+00:00,74920.54,True,42.45000076293945,-0.01316373711092722,-0.012561081517654893,0.0006026555932723276,0.0006026555932723276
2026-05-28,2026-05-28 13:30:00+00:00,2026-05-28 20:00:00+00:00,2026-05-28 20:00:00+00:00,2026-05-28 19:00:00+00:00,73318.39,True,41.560001373291016,-0.021384656330560303,-0.02096582741231523,0.0004188289182450733,0.0004188289182450733
2026-05-29,2026-05-29 13:30:00+00:00,2026-05-29 20:00:00+00:00,2026-05-29 20:00:00+00:00,2026-05-29 19:00:00+00:00,73404.1,True,41.630001068115234,0.0011690109398201365,0.0016843044396337437,0.0005152934998136072,0.0005152934998136072
2026-06-01,2026-06-01 13:30:00+00:00,2026-06-01 20:00:00+00:00,2026-06-01 20:00:00+00:00,2026-06-01 19:00:00+00:00,71488.84,True,40.4900016784668,-0.026092003035252942,-0.027384082642303187,-0.001292079607050245,0.001292079607050245
2026-06-02,2026-06-02 13:30:00+00:00,2026-06-02 20:00:00+00:00,2026-06-02 20:00:00+00:00,2026-06-02 19:00:00+00:00,67213.59,True,38.04999923706055,-0.05980304058647479,-0.060261850833754904,-0.000458810247280117,0.000458810247280117
2026-06-03,2026-06-03 13:30:00+00:00,2026-06-03 20:00:00+00:00,2026-06-03 20:00:00+00:00,2026-06-03 19:00:00+00:00,65356.01,True,37.0,-0.02763697044005531,-0.027595249884731943,4.1720555323365716e-05,4.1720555323365716e-05
2026-06-04,2026-06-04 13:30:00+00:00,2026-06-04 20:00:00+00:00,2026-06-04 20:00:00+00:00,2026-06-04 19:00:00+00:00,63541.28,True,36.02000045776367,-0.027766841947664878,-0.02648647411449534,0.0012803678331695378,0.0012803678331695378
2026-06-05,2026-06-05 13:30:00+00:00,2026-06-05 20:00:00+00:00,2026-06-05 20:00:00+00:00,2026-06-05 19:00:00+00:00,60264.11,True,34.13999938964844,-0.051575448275514746,-0.05219325497565408,-0.0006178067001393339,0.0006178067001393339
2026-06-08,2026-06-08 13:30:00+00:00,2026-06-08 20:00:00+00:00,2026-06-08 20:00:00+00:00,2026-06-08 19:00:00+00:00,63352.53,True,35.88999938964844,0.0512480811547702,0.05125952054148586,1.143938671566147e-05,1.143938671566147e-05
2026-06-09,2026-06-09 13:30:00+00:00,2026-06-09 20:00:00+00:00,2026-06-09 20:00:00+00:00,2026-06-09 19:00:00+00:00,62044.83,True,35.13999938964844,-0.020641638147679275,-0.020897186201020657,-0.0002555480533413812,0.0002555480533413812
2026-06-10,2026-06-10 13:30:00+00:00,2026-06-10 20:00:00+00:00,2026-06-10 20:00:00+00:00,2026-06-10 19:00:00+00:00,61882.0,True,35.08000183105469,-0.0026243927173303927,-0.0017073864438206243,0.0009170062735097684,0.0009170062735097684
2026-06-11,2026-06-11 13:30:00+00:00,2026-06-11 20:00:00+00:00,2026-06-11 20:00:00+00:00,2026-06-11 19:00:00+00:00,63548.0,True,36.04999923706055,0.02692220678064694,0.02765100784992458,0.0007288010692776403,0.0007288010692776403
2026-06-12,2026-06-12 13:30:00+00:00,2026-06-12 20:00:00+00:00,2026-06-12 20:00:00+00:00,2026-06-12 19:00:00+00:00,63552.05,True,36.040000915527344,6.373135267834229e-05,-0.00027734595685990904,-0.00034107730953825133,0.00034107730953825133
2026-06-15,2026-06-15 13:30:00+00:00,2026-06-15 20:00:00+00:00,2026-06-15 20:00:00+00:00,2026-06-15 19:00:00+00:00,66577.42,True,37.7400016784668,0.047604601267779545,0.047169831291736575,-0.0004347699760429702,0.0004347699760429702
2026-06-16,2026-06-16 13:30:00+00:00,2026-06-16 20:00:00+00:00,2026-06-16 20:00:00+00:00,2026-06-16 19:00:00+00:00,65622.49,True,37.16999816894531,-0.014343151176479885,-0.015103430953123387,-0.0007602797766435021,0.0007602797766435021
2026-06-17,2026-06-17 13:30:00+00:00,2026-06-17 20:00:00+00:00,2026-06-17 20:00:00+00:00,2026-06-17 19:00:00+00:00,64241.65,True,36.36000061035156,-0.02104217624171234,-0.02179170294580446,-0.0007495267040921183,0.0007495267040921183
2026-06-18,2026-06-18 13:30:00+00:00,2026-06-18 20:00:00+00:00,2026-06-18 20:00:00+00:00,2026-06-18 19:00:00+00:00,62872.8,True,35.619998931884766,-0.02130782755424243,-0.020352081024336388,0.000955746529906043,0.000955746529906043
2026-06-22,2026-06-22 13:30:00+00:00,2026-06-22 20:00:00+00:00,2026-06-22 20:00:00+00:00,2026-06-22 19:00:00+00:00,64408.02,True,36.5,0.024417872275451336,0.024705252512725817,0.0002873802372744816,0.0002873802372744816
2026-06-23,2026-06-23 13:30:00+00:00,2026-06-23 20:00:00+00:00,2026-06-23 20:00:00+00:00,2026-06-23 19:00:00+00:00,62310.83,True,35.310001373291016,-0.03256100715407795,-0.03260270210161598,-4.169494753802905e-05,4.169494753802905e-05
2026-06-24,2026-06-24 13:30:00+00:00,2026-06-24 20:00:00+00:00,2026-06-24 20:00:00+00:00,2026-06-24 19:00:00+00:00,59858.28,True,33.869998931884766,-0.039359931491845024,-0.04078171581424772,-0.0014217843224026971,0.0014217843224026971
2026-06-25,2026-06-25 13:30:00+00:00,2026-06-25 20:00:00+00:00,2026-06-25 20:00:00+00:00,2026-06-25 19:00:00+00:00,59220.01,True,33.52000045776367,-0.010663019385120931,-0.01033358385469596,0.00032943553042497076,0.00032943553042497076
2026-06-26,2026-06-26 13:30:00+00:00,2026-06-26 20:00:00+00:00,2026-06-26 20:00:00+00:00,2026-06-26 19:00:00+00:00,59655.5,True,33.849998474121094,0.007353764377952654,0.009844809422757228,0.002491045044804574,0.002491045044804574
2026-06-29,2026-06-29 13:30:00+00:00,2026-06-29 20:00:00+00:00,2026-06-29 20:00:00+00:00,2026-06-29 19:00:00+00:00,60332.0,True,34.18000030517578,0.011340111138117948,0.00974894670399995,-0.0015911644341179976,0.0015911644341179976
2026-06-30,2026-06-30 13:30:00+00:00,2026-06-30 20:00:00+00:00,2026-06-30 20:00:00+00:00,2026-06-30 19:00:00+00:00,58716.53,True,33.290000915527344,-0.02677633759862097,-0.026038600986017735,0.0007377366126032348,0.0007377366126032348
2026-07-01,2026-07-01 13:30:00+00:00,2026-07-01 20:00:00+00:00,2026-07-01 20:00:00+00:00,2026-07-01 19:00:00+00:00,59971.68,True,34.0,0.02137643351880647,0.021327697955739522,-4.873556306694837e-05,4.873556306694837e-05
2026-07-02,2026-07-02 13:30:00+00:00,2026-07-02 20:00:00+00:00,2026-07-02 20:00:00+00:00,2026-07-02 19:00:00+00:00,61424.29,True,34.869998931884766,0.024221599261518012,0.025588203878963656,0.0013666046174456437,0.0013666046174456437
2026-07-06,2026-07-06 13:30:00+00:00,2026-07-06 20:00:00+00:00,2026-07-06 20:00:00+00:00,2026-07-06 19:00:00+00:00,63692.7,True,36.119998931884766,0.036930178598726826,0.03584743442182936,-0.0010827441768974655,0.0010827441768974655
2026-07-07,2026-07-07 13:30:00+00:00,2026-07-07 20:00:00+00:00,2026-07-07 20:00:00+00:00,2026-07-07 19:00:00+00:00,63776.81,True,36.150001525878906,0.0013205594989693648,0.0008306366246222385,-0.0004899228743471262,0.0004899228743471262
2026-07-08,2026-07-08 13:30:00+00:00,2026-07-08 20:00:00+00:00,2026-07-08 20:00:00+00:00,2026-07-08 19:00:00+00:00,62223.7,True,35.22999954223633,-0.024352268481286576,-0.02544956970427703,-0.0010973012229904544,0.0010973012229904544
2026-07-09,2026-07-09 13:30:00+00:00,2026-07-09 20:00:00+00:00,2026-07-09 20:00:00+00:00,2026-07-09 19:00:00+00:00,63193.84,True,35.810001373291016,0.01559116542410699,0.01646329374371236,0.0008721283196053697,0.0008721283196053697
2026-07-10,2026-07-10 13:30:00+00:00,2026-07-10 20:00:00+00:00,2026-07-10 20:00:00+00:00,2026-07-10 19:00:00+00:00,63878.41,True,36.22999954223633,0.010832859658473248,0.011728515856985311,0.0008956561985120626,0.0008956561985120626
2026-07-13,2026-07-13 13:30:00+00:00,2026-07-13 20:00:00+00:00,2026-07-13 20:00:00+00:00,2026-07-13 19:00:00+00:00,62210.67,True,35.220001220703125,-0.026108038694137914,-0.02787740365151714,-0.001769364957379227,0.001769364957379227
2026-07-14,2026-07-14 13:30:00+00:00,2026-07-14 20:00:00+00:00,2026-07-14 20:00:00+00:00,2026-07-14 19:00:00+00:00,64542.41,True,36.58000183105469,0.037481351671666774,0.0386144396142758,0.0011330879426090235,0.0011330879426090235
2026-07-15,2026-07-15 13:30:00+00:00,2026-07-15 20:00:00+00:00,2026-07-15 20:00:00+00:00,2026-07-15 19:00:00+00:00,64941.86,True,36.810001373291016,0.006188953898684568,0.00628757601758978,9.862211890521166e-05,9.862211890521166e-05
2026-07-16,2026-07-16 13:30:00+00:00,2026-07-16 20:00:00+00:00,2026-07-16 20:00:00+00:00,2026-07-16 19:00:00+00:00,64217.54,True,36.38999938964844,-0.011153360867705353,-0.011409996413293433,-0.00025663554558807977,0.00025663554558807977
2026-07-17,2026-07-17 13:30:00+00:00,2026-07-17 20:00:00+00:00,2026-07-17 20:00:00+00:00,2026-07-17 19:00:00+00:00,64113.2,True,36.349998474121094,-0.0016247897381307386,-0.0010992282549673327,0.0005255614831634059,0.0005255614831634059
2026-07-20,2026-07-20 13:30:00+00:00,2026-07-20 20:00:00+00:00,2026-07-20 20:00:00+00:00,2026-07-20 19:00:00+00:00,65099.39,True,36.88999938964844,0.015382011816599483,0.01485559664911107,-0.0005264151674884143,0.0005264151674884143
2026-07-21,2026-07-21 13:30:00+00:00,2026-07-21 20:00:00+00:00,2026-07-21 20:00:00+00:00,2026-07-21 19:00:00+00:00,66424.0,True,37.66999816894531,0.020347502488118563,0.021143908707023318,0.0007964062189047549,0.0007964062189047549
2026-07-22,2026-07-22 13:30:00+00:00,2026-07-22 20:00:00+00:00,2026-07-22 20:00:00+00:00,2026-07-22 19:00:00+00:00,65894.99,True,37.34000015258789,-0.007964139467662168,-0.008760234467690253,-0.0007960950000280853,0.0007960950000280853
2026-07-23,2026-07-23 13:30:00+00:00,2026-07-23 20:00:00+00:00,2026-07-23 20:00:00+00:00,2026-07-23 19:00:00+00:00,64778.48,True,36.650001525878906,-0.016943776757535,-0.018478806210212695,-0.0015350294526776942,0.0015350294526776942
2026-07-24,2026-07-24 13:30:00+00:00,2026-07-24 20:00:00+00:00,2026-07-24 20:00:00+00:00,2026-07-24 19:00:00+00:00,64163.76,True,36.349998474121094,-0.00948957122797578,-0.008185621808118548,0.001303949419857231,0.001303949419857231
2026-07-27,2026-07-27 13:30:00+00:00,2026-07-27 20:00:00+00:00,2026-07-27 20:00:00+00:00,2026-07-27 19:00:00+00:00,64915.15,True,36.77000045776367,0.011710504496619256,0.011554387930486243,-0.00015611656613301328,0.00015611656613301328
2026-07-28,2026-07-28 13:30:00+00:00,2026-07-28 20:00:00+00:00,2026-07-28 20:00:00+00:00,2026-07-28 19:00:00+00:00,63825.78,True,36.13999938964844,-0.016781444701275516,-0.017133561606530123,-0.0003521169052546069,0.0003521169052546069
2026-07-29,2026-07-29 13:30:00+00:00,2026-07-29 20:00:00+00:00,2026-07-29 20:00:00+00:00,2026-07-29 19:00:00+00:00,63515.6,True,36.0,-0.004859791764393662,-0.003873807194599399,0.0009859845697942626,0.0009859845697942626
2026-07-30,2026-07-30 13:30:00+00:00,2026-07-30 20:00:00+00:00,2026-07-30 20:00:00+00:00,2026-07-30 19:00:00+00:00,64741.54,True,36.70000076293945,0.019301399971030753,0.01944446563720703,0.00014306566617627858,0.00014306566617627858
2026-07-31,2026-07-31 13:30:00+00:00,2026-07-31 20:00:00+00:00,2026-07-31 20:00:00+00:00,2026-07-31 19:00:00+00:00,62903.64,True,35.63999938964844,-0.028388265092242237,-0.02888287060640693,-0.0004946055141646921,0.0004946055141646921
2026-08-03,2026-08-03 13:30:00+00:00,2026-08-03 20:00:00+00:00,2026-08-03 20:00:00+00:00,2026-08-03 19:00:00+00:00,63813.48,True,36.15999984741211,0.014464027836862847,0.014590361017646547,0.00012633318078369982,0.00012633318078369982
2026-08-04,2026-08-04 13:30:00+00:00,2026-08-04 20:00:00+00:00,2026-08-04 20:00:00+00:00,2026-08-04 19:00:00+00:00,64197.18,True,36.38999938964844,0.0060128361593818624,0.006360606836473437,0.0003477706770915745,0.0003477706770915745
2026-08-05,2026-08-05 13:30:00+00:00,2026-08-05 20:00:00+00:00,2026-08-05 20:00:00+00:00,2026-08-05 19:00:00+00:00,64794.63,True,36.7400016784668,0.009306483555819645,0.009618089988699507,0.0003116064328798629,0.0003116064328798629
2026-08-06,2026-08-06 13:30:00+00:00,2026-08-06 20:00:00+00:00,2026-08-06 20:00:00+00:00,2026-08-06 19:00:00+00:00,64390.13,True,36.4900016784668,-0.0062428012938726685,-0.006804572361969297,-0.0005617710680966281,0.0005617710680966281
2026-08-07,2026-08-07 13:30:00+00:00,2026-08-07 20:00:00+00:00,2026-08-07 20:00:00+00:00,2026-08-07 19:00:00+00:00,64914.79,True,36.79999923706055,0.008148143201450297,0.008495410916264268,0.00034726771481397023,0.00034726771481397023
2026-08-10,2026-08-10 13:30:00+00:00,2026-08-10 20:00:00+00:00,2026-08-10 20:00:00+00:00,2026-08-10 19:00:00+00:00,63977.9,True,36.22999954223633,-0.014432612352285212,-0.01548912246308376,-0.0010565101107985475,0.0010565101107985475
2026-08-11,2026-08-11 13:30:00+00:00,2026-08-11 20:00:00+00:00,2026-08-11 20:00:00+00:00,2026-08-11 19:00:00+00:00,63468.75,True,35.939998626708984,-0.007958216821746245,-0.008004441600648282,-4.622477890203758e-05,4.622477890203758e-05
2026-08-12,2026-08-12 13:30:00+00:00,2026-08-12 20:00:00+00:00,2026-08-12 20:00:00+00:00,2026-08-12 19:00:00+00:00,63344.07,True,35.88999938964844,-0.001964431314623316,-0.0013911863931844737,0.0005732449214388424,0.0005732449214388424
2026-08-13,2026-08-13 13:30:00+00:00,2026-08-13 20:00:00+00:00,2026-08-13 20:00:00+00:00,2026-08-13 19:00:00+00:00,63339.67,True,35.880001068115234,-6.946190858914125e-05,-0.0002785823823693301,-0.00020912047378018883,0.00020912047378018883
2026-08-14,2026-08-14 13:30:00+00:00,2026-08-14 20:00:00+00:00,2026-08-14 20:00:00+00:00,2026-08-14 19:00:00+00:00,62892.03,True,35.630001068115234,-0.007067292898747302,-0.0069676698037269835,9.962309502031808e-05,9.962309502031808e-05
2026-08-17,2026-08-17 13:30:00+00:00,2026-08-17 20:00:00+00:00,2026-08-17 20:00:00+00:00,2026-08-17 19:00:00+00:00,64262.0,True,36.41999816894531,0.021782887275223928,0.022172244657523654,0.0003893573822997265,0.0003893573822997265
2026-08-18,2026-08-18 13:30:00+00:00,2026-08-18 20:00:00+00:00,2026-08-18 20:00:00+00:00,2026-08-18 19:00:00+00:00,64610.51,True,36.599998474121094,0.005423267249696551,0.004942348001798269,-0.00048091924789828155,0.00048091924789828155
2026-08-19,2026-08-19 13:30:00+00:00,2026-08-19 20:00:00+00:00,2026-08-19 20:00:00+00:00,2026-08-19 19:00:00+00:00,68418.55,True,38.779998779296875,0.05893839872181794,0.05956285235140668,0.0006244536295887393,0.0006244536295887393
2026-08-20,2026-08-20 13:30:00+00:00,2026-08-20 20:00:00+00:00,2026-08-20 20:00:00+00:00,2026-08-20 19:00:00+00:00,72669.36,True,41.20000076293945,0.062129495582703864,0.062403353785934756,0.00027385820323089227,0.00027385820323089227
2026-08-21,2026-08-21 13:30:00+00:00,2026-08-21 20:00:00+00:00,2026-08-21 20:00:00+00:00,2026-08-21 19:00:00+00:00,77003.92,True,43.68000030517578,0.05964769746148857,0.06019416253184051,0.0005464650703519425,0.0005464650703519425
2026-08-24,2026-08-24 13:30:00+00:00,2026-08-24 20:00:00+00:00,2026-08-24 20:00:00+00:00,2026-08-24 19:00:00+00:00,78746.35,True,44.63999938964844,0.02262780907777162,0.021978000864594893,-0.000649808213176728,0.000649808213176728
2026-08-25,2026-08-25 13:30:00+00:00,2026-08-25 20:00:00+00:00,2026-08-25 20:00:00+00:00,2026-08-25 19:00:00+00:00,78928.78,True,44.720001220703125,0.002316678804795247,0.0017921557380944364,-0.0005245230667008105,0.0005245230667008105
2026-08-26,2026-08-26 13:30:00+00:00,2026-08-26 20:00:00+00:00,2026-08-26 20:00:00+00:00,2026-08-26 19:00:00+00:00,78475.06,True,44.459999084472656,-0.005748473497246498,-0.005814001098687349,-6.552760144085124e-05,6.552760144085124e-05
2026-08-27,2026-08-27 13:30:00+00:00,2026-08-27 20:00:00+00:00,2026-08-27 20:00:00+00:00,2026-08-27 19:00:00+00:00,79910.05,True,45.290000915527344,0.018285936958824855,0.018668507605627882,0.00038257064680302655,0.00038257064680302655
2026-08-28,2026-08-28 13:30:00+00:00,2026-08-28 20:00:00+00:00,2026-08-28 20:00:00+00:00,2026-08-28 19:00:00+00:00,77559.99,True,43.900001525878906,-0.029408816538095017,-0.030691087691541385,-0.0012822711534463682,0.0012822711534463682
2026-08-31,2026-08-31 13:30:00+00:00,2026-08-31 20:00:00+00:00,2026-08-31 20:00:00+00:00,2026-08-31 19:00:00+00:00,78893.63,True,44.66999816894531,0.017194948065362148,0.017539786248355727,0.0003448381829935787,0.0003448381829935787
